17.724565,19.246330,20.454080,20.763264,20.840560,21.386463,21.579703,19.985473,17.724565,17.801861,18.386412,16.305777,17.294606,18.270468,16.765818,15.220287,16.016313,16.057665,17.840509,21.739126,22.000000,22.000000,22.000000,22.000000
17.724565,19.246330,20.454080,20.763264,20.840560,21.386463,21.579703,19.985473,17.724565,17.801861,18.386412,16.305777,17.294606,18.270468,16.765818,15.220287,16.016313,16.057665,17.840509,21.739126,22.000000,22.000000,22.000000,22.000000
17.724565,19.246330,20.454080,20.763264,20.840560,21.386463,21.579703,19.985473,17.724565,17.801861,18.386412,16.305777,17.294606,18.270468,16.765818,15.220287,16.016313,16.057665,17.840509,21.739126,22.000000,22.000000,22.000000,22.000000
17.724565,19.246330,20.454080,20.763264,20.840560,21.386463,21.579703,19.985473,17.724565,17.801861,18.386412,16.305777,17.294606,18.270468,16.765818,15.220287,16.016313,16.057665,17.840509,21.739126,22.000000,22.000000,22.000000,22.000000
17.724565,19.246330,20.454080,20.763264,20.840560,21.386463,21.579703,19.985473,17.724565,17.801861,18.386412,16.305777,17.294606,18.270468,16.765818,15.220287,16.016313,16.057665,17.840509,21.739126,22.000000,22.000000,22.000000,22.000000
8.151468,11.111250,13.840164,15.251301,16.435002,17.589297,18.183510,18.811540,17.724565,16.900212,16.202397,12.542745,11.760000,13.436982,13.095828,9.281250,6.911607,6.777494,8.236315,12.961434,20.830898,22.000000,22.000000,22.000000
8.151468,11.111250,13.840164,15.246132,16.435002,17.584466,18.178679,18.811540,17.724565,16.900212,16.197228,12.542745,11.760000,13.431813,13.095828,9.281250,6.911607,6.777494,8.236315,12.961434,20.830898,22.000000,22.000000,22.000000
17.724565,19.246330,20.454080,20.763264,20.840560,21.386463,21.579703,19.985473,17.724565,17.801861,18.386412,16.305777,17.294606,18.270468,16.765818,15.220287,16.016313,16.057665,17.840509,21.739126,22.000000,22.000000,22.000000,22.000000
8.151468,11.111250,13.840164,15.251301,16.435002,17.589297,18.183510,18.811540,17.724565,16.900212,16.202397,12.542745,11.760000,13.436982,13.095828,9.281250,6.911607,6.777494,8.236315,12.961434,20.830898,22.000000,22.000000,22.000000
8.151468,11.111250,13.840164,15.246132,16.435002,17.589297,18.178679,18.811540,17.724565,16.900212,16.202397,12.542745,11.760000,13.431813,13.095828,9.281250,6.911607,6.777494,8.236315,12.961434,20.830898,22.000000,22.000000,22.000000
8.151468,11.111250,13.840164,15.246132,16.435002,17.584466,18.178679,18.811540,17.724565,16.900212,16.202397,12.542745,11.760000,13.431813,13.095828,9.281250,6.911607,6.777494,8.236315,12.961434,20.830898,22.000000,22.000000,22.000000
17.724565,19.246330,20.454080,20.763264,20.840560,21.386463,21.579703,19.985473,17.724565,17.801861,18.386412,16.305777,17.294606,18.270468,16.765818,15.220287,16.016313,16.057665,17.840509,21.739126,22.000000,22.000000,22.000000,22.000000
17.724565,19.246330,19.449232,18.666610,17.598959,18.019256,18.236651,16.419495,15.199611,13.845333,14.537979,12.036183,13.959051,14.512134,12.604773,12.294633,16.016313,16.057665,17.840509,21.739126,21.154575,22.000000,22.000000,22.000000
4.954562,7.365949,10.758750,13.044138,15.204780,16.781325,17.555480,18.743906,17.724565,16.848522,15.881919,11.565000,9.903750,11.685000,11.996250,8.058410,4.658213,4.483487,4.987109,7.751866,20.357460,22.000000,22.000000,22.000000
4.954562,7.368686,10.762500,13.049307,15.209949,16.786494,17.560311,18.743906,17.724565,16.853691,15.887088,11.568750,9.907500,11.685000,12.000000,8.058410,4.659926,4.481774,4.987109,7.754603,20.357460,22.000000,22.000000,22.000000
8.151468,11.111250,13.840164,15.246132,16.435002,17.584466,18.178679,18.811540,17.724565,16.900212,16.202397,12.542745,11.760000,13.431813,13.095828,9.281250,6.911607,6.777494,8.236315,12.961434,20.830898,22.000000,22.000000,22.000000
17.724565,19.246330,20.454080,20.763264,20.840560,21.386463,21.579703,19.985473,17.724565,17.801861,18.386412,16.305777,17.294606,18.270468,16.765818,15.220287,16.016313,16.057665,17.840509,21.739126,22.000000,22.000000,22.000000,22.000000
16.223073,17.608621,17.956453,18.207665,17.782537,17.985439,17.874326,16.326453,13.860840,13.897023,13.798812,11.385000,13.979727,14.729232,11.812500,11.857500,15.334005,13.607559,15.773370,21.396125,21.048293,22.000000,22.000000,22.000000
4.954562,7.365949,10.758750,13.044138,15.204780,16.781325,17.555480,18.743906,17.724565,16.848522,15.881919,11.565000,9.903750,11.681250,11.996250,8.055673,4.658213,4.483487,4.987109,7.751866,20.357460,22.000000,22.000000,22.000000
4.954562,7.368686,10.762500,13.049307,15.204780,16.786494,17.560311,18.347764,13.106166,15.716511,15.881919,11.565000,9.907500,11.685000,11.996250,8.058410,4.658213,4.483487,4.987109,7.754603,20.357460,22.000000,22.000000,22.000000
4.954562,7.368686,10.762500,13.049307,15.209949,16.786494,17.560311,18.347764,13.106166,15.716511,15.881919,11.565000,9.907500,11.685000,12.000000,8.058410,4.659926,4.481774,4.987109,7.754603,20.357460,22.000000,22.000000,22.000000
8.151468,11.111250,13.840164,15.251301,16.435002,17.589297,18.183510,18.811540,17.724565,16.900212,16.202397,12.542745,11.760000,13.436982,13.095828,9.281250,6.911607,6.777494,8.236315,12.961434,20.830898,22.000000,22.000000,22.000000
17.724565,19.246330,20.454080,20.763264,20.840560,21.386463,21.579703,19.985473,17.724565,17.801861,18.386412,16.305777,17.294606,18.270468,16.765818,15.220287,16.016313,16.057665,17.840509,21.739126,22.000000,22.000000,22.000000,22.000000
8.151468,11.010000,12.997617,14.083107,15.018696,16.207566,16.864029,17.874326,15.349512,15.685497,14.398416,10.803750,10.222500,11.580000,11.253750,7.847661,6.911607,6.777494,8.236315,12.956265,19.772909,22.000000,22.000000,22.000000
4.298483,6.925292,9.652500,11.778750,14.646528,16.538382,17.434705,18.342933,13.106166,15.711342,15.819891,11.433750,9.892500,11.182500,11.730000,8.039251,4.149452,3.907919,4.327604,6.443580,20.256009,22.000000,22.000000,22.000000
4.300196,6.925292,9.652500,11.778750,14.646528,16.538382,17.434705,18.342933,13.106166,15.711342,15.819891,11.430000,9.892500,11.182500,11.730000,8.039251,4.149452,3.907919,4.327604,6.443580,20.256009,22.000000,22.000000,22.000000
4.954562,7.365949,10.758750,13.044138,15.204780,16.786494,17.555480,18.347764,13.106166,15.711342,15.881919,11.565000,9.903750,11.681250,11.996250,8.058410,4.658213,4.483487,4.987109,7.751866,20.357460,22.000000,22.000000,22.000000
8.151468,11.111250,13.840164,15.246132,16.435002,17.584466,18.178679,18.811540,17.724565,16.900212,16.202397,12.542745,11.760000,13.431813,13.095828,9.281250,6.911607,6.777494,8.239052,12.961434,20.830898,22.000000,22.000000,22.000000
15.783708,15.489075,15.664821,16.000806,16.378143,17.236634,17.492677,15.463230,13.974558,12.982110,13.204377,11.235000,11.883750,13.312926,11.666250,9.757500,13.209546,14.641359,16.450509,19.371936,20.420263,22.000000,22.000000,22.000000
4.298483,6.928029,9.656250,11.778750,14.646528,16.538382,17.439536,18.734244,15.318498,16.652100,15.819891,11.433750,9.896250,11.186250,11.733750,8.041988,4.149452,3.907919,4.327604,6.446317,20.260840,22.000000,22.000000,22.000000
4.298483,6.928029,9.656250,11.782500,14.584500,16.321284,17.019099,16.274763,11.872500,13.530024,13.984896,10.777500,9.885000,11.126250,11.111250,8.039251,4.149452,3.907919,4.327604,6.446317,20.004797,22.000000,22.000000,22.000000
4.298483,6.928029,9.652500,11.782500,14.584500,16.321284,17.019099,16.274763,11.872500,13.530024,13.984896,10.777500,9.885000,11.126250,11.111250,8.039251,4.149452,3.907919,4.327604,6.443580,20.004797,22.000000,22.000000,22.000000
19.318795,9.078750,7.683441,22.000000,22.000000,22.000000,22.000000,22.000000,22.000000,22.000000,22.000000,22.000000,22.000000,14.960000,1.298000,14.542000,22.000000,0.000000,0.000000,0.000000,0.000000,0.000000,22.000000,22.000000
19.033766,7.130567,7.204466,18.565159,22.000000,22.000000,22.000000,22.000000,22.000000,22.000000,22.000000,22.000000,22.000000,16.918000,1.474000,16.456000,22.000000,0.000000,0.000000,0.000000,0.000000,0.000000,22.000000,22.000000
18.449215,7.015613,6.418947,16.931226,22.000000,22.000000,22.000000,22.000000,22.000000,22.000000,22.000000,22.000000,22.000000,17.336000,1.518000,16.984000,22.000000,0.000000,0.000000,0.000000,0.000000,0.000000,22.000000,22.000000
18.792216,6.881500,6.279360,16.135200,22.000000,22.000000,22.000000,22.000000,22.000000,22.000000,22.000000,22.000000,22.000000,17.358000,1.540000,17.138000,22.000000,0.000000,0.000000,0.000000,0.000000,0.000000,22.000000,22.000000
19.526528,6.922555,6.470950,15.923271,22.000000,22.000000,22.000000,22.000000,22.000000,22.000000,22.000000,22.000000,22.000000,17.358000,1.540000,17.138000,22.000000,0.000000,0.000000,0.000000,0.000000,0.000000,22.000000,22.000000
19.671458,6.996454,6.509268,15.918102,22.000000,22.000000,22.000000,22.000000,22.000000,22.000000,22.000000,22.000000,22.000000,17.556000,1.540000,17.160000,22.000000,0.000000,0.000000,0.000000,0.000000,0.000000,22.000000,22.000000
22.000000,10.901250,6.706332,15.530427,22.000000,22.000000,22.000000,22.000000,22.000000,22.000000,22.000000,22.000000,22.000000,17.512000,1.540000,17.226000,22.000000,0.000000,0.000000,0.000000,0.000000,0.000000,22.000000,22.000000
22.000000,7.719022,8.261250,22.000000,22.000000,22.000000,22.000000,22.000000,22.000000,22.000000,22.000000,22.000000,22.000000,14.960000,1.298000,14.542000,22.000000,0.000000,0.000000,0.000000,0.000000,0.000000,22.000000,22.000000
19.468556,7.313946,7.029298,18.565159,22.000000,22.000000,22.000000,22.000000,22.000000,22.000000,22.000000,22.000000,22.000000,16.918000,1.474000,16.456000,22.000000,0.000000,0.000000,0.000000,0.000000,0.000000,22.000000,22.000000
18.917822,7.757340,6.938977,16.931226,22.000000,22.000000,22.000000,22.000000,22.000000,22.000000,22.000000,22.000000,22.000000,17.160000,1.518000,16.940000,22.000000,0.000000,0.000000,0.000000,0.000000,0.000000,22.000000,22.000000
18.487863,7.645123,6.895185,16.481523,22.000000,22.000000,22.000000,22.000000,22.000000,22.000000,22.000000,22.000000,22.000000,17.160000,1.518000,17.006000,22.000000,0.000000,0.000000,0.000000,0.000000,0.000000,22.000000,22.000000
17.386395,7.609542,7.100460,16.466016,22.000000,22.000000,22.000000,22.000000,22.000000,22.000000,22.000000,22.000000,22.000000,17.248000,1.518000,17.006000,22.000000,0.000000,0.000000,0.000000,0.000000,0.000000,22.000000,22.000000
17.840509,7.653334,7.081301,16.383312,22.000000,22.000000,22.000000,22.000000,22.000000,22.000000,22.000000,22.000000,22.000000,17.490000,1.540000,17.160000,22.000000,0.000000,0.000000,0.000000,0.000000,0.000000,22.000000,22.000000
18.255975,9.153750,7.157937,15.628638,22.000000,22.000000,22.000000,22.000000,22.000000,22.000000,22.000000,22.000000,22.000000,17.578000,1.540000,17.292000,22.000000,0.000000,0.000000,0.000000,0.000000,0.000000,22.000000,22.000000
19.685951,8.321250,8.257500,22.000000,22.000000,22.000000,22.000000,22.000000,22.000000,22.000000,22.000000,22.000000,22.000000,14.960000,1.298000,14.542000,22.000000,0.000000,0.000000,0.000000,0.000000,0.000000,22.000000,22.000000
20.231854,7.751866,7.322157,18.565159,22.000000,22.000000,22.000000,22.000000,22.000000,22.000000,22.000000,22.000000,22.000000,16.896000,1.474000,16.456000,22.000000,0.000000,0.000000,0.000000,0.000000,0.000000,22.000000,22.000000
21.642506,7.885979,7.053931,17.294606,22.000000,22.000000,22.000000,22.000000,22.000000,22.000000,22.000000,22.000000,22.000000,16.918000,1.496000,16.764000,22.000000,0.000000,0.000000,0.000000,0.000000,0.000000,22.000000,22.000000
22.000000,9.037500,7.390582,17.207648,22.000000,22.000000,22.000000,22.000000,22.000000,22.000000,22.000000,22.000000,22.000000,16.918000,1.496000,16.764000,22.000000,0.000000,0.000000,0.000000,0.000000,0.000000,22.000000,22.000000
21.874394,8.167890,7.407004,17.202817,22.000000,22.000000,22.000000,22.000000,22.000000,22.000000,22.000000,22.000000,22.000000,17.248000,1.496000,16.764000,22.000000,0.000000,0.000000,0.000000,0.000000,0.000000,22.000000,22.000000
20.937180,8.156942,7.489114,16.347129,22.000000,22.000000,22.000000,22.000000,22.000000,22.000000,22.000000,22.000000,22.000000,17.468000,1.540000,17.160000,22.000000,0.000000,0.000000,0.000000,0.000000,0.000000,22.000000,22.000000
21.246364,7.765551,7.023824,15.732018,22.000000,22.000000,22.000000,22.000000,22.000000,22.000000,22.000000,22.000000,22.000000,17.446000,1.540000,17.248000,22.000000,0.000000,0.000000,0.000000,0.000000,0.000000,22.000000,22.000000
21.415449,12.460041,7.842187,15.535596,22.000000,22.000000,22.000000,22.000000,22.000000,22.000000,22.000000,22.000000,22.000000,17.358000,1.584000,17.688000,22.000000,0.000000,0.000000,0.000000,0.000000,0.000000,22.000000,22.000000
22.000000,12.785688,7.502799,15.814722,22.000000,22.000000,22.000000,22.000000,22.000000,22.000000,22.000000,22.000000,22.000000,17.512000,1.540000,17.204000,22.000000,0.000000,0.000000,0.000000,0.000000,0.000000,22.000000,22.000000
22.000000,17.937129,8.261250,22.000000,22.000000,22.000000,22.000000,22.000000,22.000000,22.000000,22.000000,22.000000,22.000000,14.960000,1.298000,14.542000,22.000000,0.000000,0.000000,0.000000,0.000000,0.000000,22.000000,22.000000
19.632810,14.388078,7.004665,18.565159,22.000000,22.000000,22.000000,22.000000,22.000000,22.000000,22.000000,22.000000,22.000000,16.478000,1.474000,16.434000,22.000000,0.000000,0.000000,0.000000,0.000000,0.000000,22.000000,22.000000
20.299488,7.658808,7.448059,18.106214,22.000000,22.000000,22.000000,22.000000,22.000000,22.000000,22.000000,22.000000,22.000000,16.478000,1.474000,16.456000,22.000000,0.000000,0.000000,0.000000,0.000000,0.000000,22.000000,22.000000
22.000000,7.398793,7.149726,18.106214,22.000000,22.000000,22.000000,22.000000,22.000000,22.000000,22.000000,22.000000,22.000000,16.478000,1.474000,16.456000,22.000000,0.000000,0.000000,0.000000,0.000000,0.000000,22.000000,22.000000
22.000000,6.985506,7.420689,17.855002,22.000000,22.000000,22.000000,22.000000,22.000000,22.000000,22.000000,22.000000,22.000000,17.380000,1.496000,16.830000,22.000000,0.000000,0.000000,0.000000,0.000000,0.000000,22.000000,22.000000
21.743957,6.925292,6.468213,16.502199,22.000000,22.000000,22.000000,22.000000,22.000000,22.000000,22.000000,22.000000,22.000000,17.490000,1.518000,17.006000,22.000000,0.000000,0.000000,0.000000,0.000000,0.000000,22.000000,22.000000
20.995152,8.025566,6.509268,16.300608,22.000000,22.000000,22.000000,22.000000,22.000000,22.000000,22.000000,22.000000,22.000000,17.402000,1.518000,17.072000,22.000000,0.000000,0.000000,0.000000,0.000000,0.000000,22.000000,22.000000
19.478218,10.683750,6.646118,16.497030,22.000000,22.000000,22.000000,22.000000,22.000000,22.000000,22.000000,22.000000,22.000000,17.336000,1.518000,17.094000,22.000000,0.000000,0.000000,0.000000,0.000000,0.000000,22.000000,22.000000
13.204377,13.840164,7.883242,17.729396,22.000000,22.000000,22.000000,22.000000,22.000000,22.000000,22.000000,22.000000,22.000000,17.028000,1.496000,16.830000,22.000000,0.000000,0.000000,0.000000,0.000000,0.000000,22.000000,22.000000
22.000000,18.072397,8.257500,22.000000,22.000000,22.000000,22.000000,22.000000,22.000000,22.000000,22.000000,22.000000,22.000000,14.960000,1.298000,14.542000,22.000000,0.000000,0.000000,0.000000,0.000000,0.000000,22.000000,22.000000
21.714971,11.092500,8.257500,19.990304,22.000000,22.000000,22.000000,22.000000,22.000000,22.000000,22.000000,22.000000,22.000000,14.960000,1.386000,15.466000,22.000000,0.000000,0.000000,0.000000,0.000000,0.000000,22.000000,22.000000
19.676289,10.102500,7.527432,19.990304,22.000000,22.000000,22.000000,22.000000,22.000000,22.000000,22.000000,22.000000,22.000000,14.960000,1.386000,15.466000,22.000000,0.000000,0.000000,0.000000,0.000000,0.000000,22.000000,22.000000
17.729396,12.460041,7.467218,19.990304,22.000000,22.000000,22.000000,22.000000,22.000000,22.000000,22.000000,22.000000,22.000000,15.862000,1.386000,15.466000,22.000000,0.000000,0.000000,0.000000,0.000000,0.000000,22.000000,22.000000
18.966132,11.898750,5.904391,17.183493,22.000000,22.000000,22.000000,22.000000,22.000000,22.000000,22.000000,22.000000,22.000000,16.896000,1.518000,17.028000,22.000000,0.000000,0.000000,0.000000,0.000000,0.000000,22.000000,22.000000
21.371970,11.276250,5.707327,16.776156,22.000000,22.000000,22.000000,22.000000,22.000000,22.000000,22.000000,22.000000,22.000000,17.292000,1.518000,17.072000,22.000000,0.000000,0.000000,0.000000,0.000000,0.000000,22.000000,22.000000
22.000000,11.246250,6.353259,17.197986,22.000000,22.000000,22.000000,22.000000,22.000000,22.000000,22.000000,22.000000,22.000000,17.314000,1.518000,16.918000,22.000000,0.000000,0.000000,0.000000,0.000000,0.000000,22.000000,22.000000
21.405787,15.220287,6.375155,16.977747,22.000000,22.000000,22.000000,22.000000,22.000000,22.000000,22.000000,22.000000,22.000000,17.116000,1.518000,16.918000,22.000000,0.000000,0.000000,0.000000,0.000000,0.000000,22.000000,22.000000
22.000000,13.969389,6.394314,16.626255,22.000000,22.000000,22.000000,22.000000,22.000000,22.000000,22.000000,22.000000,22.000000,16.918000,1.540000,17.248000,22.000000,0.000000,0.000000,0.000000,0.000000,0.000000,22.000000,22.000000
18.816371,13.457658,8.268750,16.770987,22.000000,22.000000,22.000000,22.000000,22.000000,22.000000,22.000000,22.000000,22.000000,18.018000,1.540000,17.402000,22.000000,0.000000,0.000000,0.000000,0.000000,0.000000,22.000000,22.000000
20.425094,11.801250,5.770278,19.352612,22.000000,22.000000,22.000000,22.000000,22.000000,22.000000,22.000000,22.000000,22.000000,16.214000,1.386000,15.664000,22.000000,0.000000,0.000000,0.000000,0.000000,0.000000,22.000000,22.000000
22.000000,18.072397,10.920000,22.000000,22.000000,22.000000,22.000000,22.000000,22.000000,22.000000,22.000000,22.000000,22.000000,14.784000,1.298000,14.542000,22.000000,0.000000,0.000000,0.000000,0.000000,0.000000,22.000000,22.000000
22.000000,13.219884,10.920000,22.000000,22.000000,22.000000,22.000000,22.000000,22.000000,22.000000,22.000000,22.000000,22.000000,14.784000,1.298000,14.542000,22.000000,0.000000,0.000000,0.000000,0.000000,0.000000,22.000000,22.000000
20.149727,11.238750,10.920000,22.000000,22.000000,22.000000,22.000000,22.000000,22.000000,22.000000,22.000000,22.000000,22.000000,14.784000,1.298000,14.542000,22.000000,0.000000,0.000000,0.000000,0.000000,0.000000,22.000000,22.000000
19.526528,12.625449,5.822281,21.357477,22.000000,22.000000,22.000000,22.000000,22.000000,22.000000,22.000000,22.000000,22.000000,17.050000,1.452000,16.346000,22.000000,0.000000,0.000000,0.000000,0.000000,0.000000,22.000000,22.000000
17.961284,14.589669,4.863773,18.193172,22.000000,22.000000,22.000000,22.000000,22.000000,22.000000,22.000000,22.000000,22.000000,16.500000,1.430000,15.950000,22.000000,0.000000,0.000000,0.000000,0.000000,0.000000,22.000000,22.000000
19.178696,12.997617,5.819544,18.067566,22.000000,22.000000,22.000000,22.000000,22.000000,22.000000,22.000000,22.000000,22.000000,15.994000,1.474000,16.478000,22.000000,0.000000,0.000000,0.000000,0.000000,0.000000,22.000000,22.000000
21.888887,12.899406,5.578688,18.420229,22.000000,22.000000,22.000000,22.000000,22.000000,22.000000,22.000000,22.000000,22.000000,16.698000,1.474000,16.478000,22.000000,0.000000,0.000000,0.000000,0.000000,0.000000,22.000000,22.000000
21.821253,12.232605,6.810338,18.521680,22.000000,22.000000,22.000000,22.000000,22.000000,22.000000,22.000000,22.000000,22.000000,16.786000,1.474000,16.434000,22.000000,0.000000,0.000000,0.000000,0.000000,0.000000,22.000000,22.000000
21.352646,9.802500,4.695899,18.347764,22.000000,22.000000,22.000000,22.000000,22.000000,22.000000,22.000000,22.000000,22.000000,16.654000,1.452000,16.236000,22.000000,0.000000,0.000000,0.000000,0.000000,0.000000,22.000000,22.000000
19.405753,13.033800,6.542112,14.558655,22.000000,22.000000,22.000000,22.000000,22.000000,22.000000,22.000000,22.000000,22.000000,16.654000,1.540000,17.138000,22.000000,0.000000,0.000000,0.000000,0.000000,0.000000,22.000000,22.000000
19.159372,13.897023,6.273886,20.734278,22.000000,22.000000,22.000000,22.000000,22.000000,22.000000,22.000000,22.000000,22.000000,16.500000,1.430000,15.994000,22.000000,0.000000,0.000000,0.000000,0.000000,0.000000,22.000000,22.000000
22.000000,18.072397,5.989238,18.541004,22.000000,22.000000,22.000000,22.000000,22.000000,22.000000,22.000000,22.000000,22.000000,16.412000,1.452000,16.192000,22.000000,0.000000,0.000000,0.000000,0.000000,0.000000,22.000000,22.000000
20.381615,10.822500,3.847964,17.463691,22.000000,22.000000,22.000000,22.000000,22.000000,22.000000,22.000000,22.000000,22.000000,16.632000,1.540000,17.314000,22.000000,0.000000,0.000000,0.000000,0.000000,0.000000,22.000000,22.000000
19.338119,11.595000,5.266328,18.260806,22.000000,22.000000,22.000000,22.000000,22.000000,22.000000,22.000000,22.000000,22.000000,18.326000,1.540000,17.314000,22.000000,0.000000,0.000000,0.000000,0.000000,0.000000,22.000000,22.000000
18.217327,6.364207,5.185817,20.570024,22.000000,22.000000,22.000000,22.000000,22.000000,22.000000,22.000000,22.000000,22.000000,17.512000,1.430000,15.994000,22.000000,0.000000,0.000000,0.000000,0.000000,0.000000,22.000000,22.000000
16.036989,9.858750,6.687173,19.125555,22.000000,22.000000,22.000000,22.000000,22.000000,22.000000,22.000000,22.000000,22.000000,16.148000,1.452000,16.302000,22.000000,0.000000,0.000000,0.000000,0.000000,0.000000,22.000000,22.000000
16.719297,12.821871,6.328626,18.912991,22.000000,22.000000,22.000000,22.000000,22.000000,22.000000,22.000000,22.000000,22.000000,16.984000,1.496000,16.808000,22.000000,0.000000,0.000000,0.000000,0.000000,0.000000,22.000000,22.000000
15.856074,12.770181,6.353259,18.270468,22.000000,22.000000,22.000000,22.000000,22.000000,22.000000,22.000000,22.000000,22.000000,16.522000,1.474000,16.610000,22.000000,0.000000,0.000000,0.000000,0.000000,0.000000,22.000000,22.000000
18.381581,12.460041,7.538380,15.540765,22.000000,22.000000,22.000000,22.000000,22.000000,22.000000,22.000000,22.000000,22.000000,17.226000,1.540000,17.314000,22.000000,0.000000,0.000000,0.000000,0.000000,0.000000,22.000000,22.000000
19.512035,7.891453,5.775752,19.550683,22.000000,22.000000,22.000000,22.000000,22.000000,22.000000,22.000000,22.000000,22.000000,16.676000,1.452000,16.412000,22.000000,0.000000,0.000000,0.000000,0.000000,0.000000,22.000000,22.000000
22.000000,9.862500,6.834971,19.855036,22.000000,22.000000,22.000000,22.000000,22.000000,22.000000,22.000000,22.000000,22.000000,16.808000,1.452000,16.346000,22.000000,0.000000,0.000000,0.000000,0.000000,0.000000,22.000000,22.000000
13.597221,11.531250,12.248112,12.821871,13.018293,13.855671,14.165811,13.421475,9.660000,11.460000,10.496250,8.887500,9.660000,10.380000,9.180000,8.140520,11.471250,11.775000,13.514517,16.677945,18.318778,22.000000,22.000000,22.000000
13.132011,11.171250,12.082704,12.821871,12.889068,13.710939,13.917699,13.834995,9.630000,11.325000,10.680000,8.812500,9.618750,10.376250,9.105000,8.121361,10.950000,11.835000,13.519686,16.181721,18.260806,22.000000,22.000000,22.000000
12.310140,10.950000,12.031014,12.594435,13.116504,14.103783,14.512134,14.031417,9.648750,11.347500,10.916250,8.865000,9.656250,10.361250,9.161250,8.104939,10.627500,11.276250,12.718491,15.623469,18.386412,22.000000,22.000000,22.000000
11.707500,10.893750,12.563421,13.762629,14.088276,15.070386,15.535596,14.067600,9.626250,11.317500,11.107500,9.251250,9.615000,10.545000,9.555000,8.159679,9.855000,10.755000,12.000000,14.910147,18.845357,22.000000,22.000000,22.000000
10.728750,10.987500,13.881516,14.455275,14.687880,15.540765,15.840567,14.574162,9.922500,11.696250,11.302500,9.408750,9.941250,11.130000,9.716250,8.080306,9.337500,9.971250,11.111250,15.075555,19.183527,22.000000,22.000000,22.000000
11.651250,14.052093,15.246132,14.186487,13.535193,14.326050,14.806767,12.341154,9.971250,9.802500,10.638750,8.490000,9.333750,10.072500,8.790000,8.099465,10.331250,10.406250,11.876250,17.178662,18.178679,22.000000,22.000000,22.000000
14.894640,14.641359,16.088679,16.109355,15.964623,16.543551,16.703790,15.137583,10.721250,12.480717,11.973750,10.125000,11.478750,12.568590,10.605000,9.596250,12.914913,12.759843,14.884302,18.946808,19.975811,22.000000,22.000000,22.000000
15.034203,12.248112,14.139966,14.398416,14.036586,14.636190,14.703387,13.540362,10.807500,11.467500,10.571250,8.951250,9.738750,10.458750,9.243750,8.441250,12.682308,12.553083,14.481120,18.226989,18.627962,22.000000,22.000000,22.000000
11.096250,11.868750,13.530024,13.555869,13.106166,13.798812,14.077938,13.343940,10.751250,11.610000,10.541250,8.891250,9.656250,10.383750,9.187500,8.192523,10.556250,9.678750,10.893750,16.900212,18.284961,22.000000,22.000000,22.000000
12.294633,11.726250,12.361830,12.671970,12.868392,13.685094,14.005572,13.607559,10.597500,11.808750,10.477500,8.865000,9.630000,10.353750,9.157500,8.132309,11.370000,10.395000,11.737500,17.044944,18.222158,22.000000,22.000000,22.000000
13.581714,11.385000,11.951250,12.666801,12.713322,13.561038,13.778136,14.026248,10.432500,11.876250,10.616250,8.771250,9.588750,10.338750,9.067500,8.096728,11.313750,11.711250,13.535193,16.517706,18.183510,22.000000,22.000000,22.000000
12.889068,11.058750,11.921250,12.408351,12.801195,13.798812,14.196825,14.475951,10.222500,11.850000,10.878750,8.756250,9.618750,10.342500,9.052500,8.066621,11.002500,11.748750,13.390461,16.016313,18.251144,22.000000,22.000000,22.000000
12.222267,10.957500,12.289464,13.483503,13.881516,14.817105,15.359850,14.605176,10.050000,11.872500,11.250000,9.168750,9.600000,10.357500,9.468750,8.129572,10.207500,11.145000,12.604773,15.215118,18.690765,22.000000,22.000000,22.000000
11.111250,11.103750,14.248515,14.961837,15.204780,16.026651,16.300608,14.620683,11.257500,11.846250,11.542500,9.562500,10.672500,11.793750,9.975000,8.400000,9.558750,10.346250,11.553750,15.256470,19.594162,22.000000,22.000000,22.000000
11.328750,12.335985,14.961837,15.912933,16.522875,17.265620,17.454029,15.489075,11.636250,12.708153,12.966603,11.130000,12.000000,13.400799,11.572500,9.753750,9.926250,10.068750,11.411250,16.197228,20.434756,22.000000,22.000000,22.000000
14.956668,13.984896,17.050113,17.536156,17.381564,17.908143,18.226989,16.341960,10.473750,13.116504,15.034203,12.000000,13.038969,14.181318,12.578928,10.995000,12.449703,13.287081,15.266808,18.096552,21.125589,22.000000,22.000000,22.000000
11.268750,14.935992,18.246313,18.265637,17.922636,18.690765,19.028935,14.884302,9.048750,11.310000,14.842950,13.059645,13.840164,14.961837,13.612728,11.752500,10.323750,9.986250,11.220000,17.106972,21.850239,22.000000,22.000000,22.000000
11.381250,15.551103,17.869495,17.671424,17.956453,18.671441,18.821202,14.191656,9.120000,11.250000,13.075152,12.242943,13.612728,15.018696,12.765012,11.190000,10.650000,9.933750,11.167500,17.772875,21.801929,22.000000,22.000000,22.000000
12.253281,15.432216,17.173831,17.521663,17.826016,18.222158,18.212496,14.336388,9.288750,11.201250,12.418689,11.283750,13.628235,14.780922,11.636250,11.107500,11.760000,10.320000,11.658750,18.371919,21.357477,22.000000,22.000000,22.000000
13.731615,14.568993,16.853691,17.458860,17.178662,17.449198,17.255958,14.393247,9.116250,11.100000,12.242943,10.237500,13.080321,13.917699,10.575000,10.980000,11.745000,11.677500,13.514517,18.222158,20.661813,22.000000,22.000000,22.000000
13.023462,13.638573,16.683114,16.791663,16.197228,16.440171,16.538382,14.114121,9.457500,10.818750,12.263619,9.967500,11.988750,12.697815,10.305000,10.245000,11.377500,11.790000,13.462827,17.584466,19.859867,22.000000,22.000000,22.000000
12.341154,13.245729,15.876750,15.830229,15.551103,16.068003,16.398819,13.638573,10.222500,10.627500,12.000000,9.990000,11.208750,12.031014,10.308750,9.296250,10.541250,11.137500,12.609942,16.491861,19.574838,22.000000,22.000000,22.000000
11.928750,13.948713,17.143155,17.893650,18.613469,19.816388,20.512052,16.853691,10.421250,13.426644,16.352298,15.416709,14.077938,15.876750,15.907764,11.456250,10.312500,11.111250,12.578928,16.910550,22.000000,22.000000,22.000000,22.000000
14.439768,16.708959,20.323643,21.014476,21.091772,21.512069,21.376801,17.444367,10.983750,13.860840,16.838184,15.344343,17.531325,18.507187,15.835398,15.463230,12.801195,12.108549,14.212332,19.169034,22.000000,22.000000,22.000000,22.000000
10.980000,16.652100,18.980625,19.246330,18.739075,18.995118,19.164203,15.349512,9.311250,11.692500,15.101400,13.157856,15.101400,15.799215,13.705770,13.085490,10.177500,9.187500,10.443750,17.594128,22.000000,22.000000,22.000000,22.000000
8.726250,11.583750,15.494244,16.672776,17.342916,18.352595,18.806709,14.517303,9.221250,11.261250,14.481120,12.878730,12.620280,14.253684,13.431813,10.192500,7.976300,7.768288,8.711250,13.866009,21.594196,22.000000,22.000000,22.000000
9.093750,12.403182,17.003592,17.661762,18.038580,18.690765,18.855019,14.093445,9.090000,11.133750,13.328433,12.403182,13.747122,15.091062,12.940758,11.208750,8.396250,7.924297,8.932500,14.930823,21.811591,22.000000,22.000000,22.000000
9.431250,14.341557,17.507170,17.797030,17.879157,18.313947,18.333271,14.108952,9.285000,11.111250,12.284295,11.512500,13.762629,14.853288,11.872500,11.381250,8.876250,8.011881,9.097500,15.468399,21.429942,22.000000,22.000000,22.000000
10.743750,15.297822,17.236634,17.598959,17.289775,17.613452,17.444367,14.238177,9.288750,10.995000,12.031014,10.331250,13.235391,14.072769,10.668750,11.152500,10.597500,8.827500,10.117500,17.724565,20.806743,22.000000,22.000000,22.000000
13.405968,14.315712,16.962240,16.951902,16.357467,16.486692,16.445340,14.041755,9.540000,10.762500,12.067197,9.836250,12.180915,12.883899,10.173750,10.440000,12.103380,11.313750,12.982110,18.381581,19.835712,22.000000,22.000000,22.000000
13.659249,13.953882,16.104186,16.057665,16.021482,16.781325,17.197986,14.967006,10.338750,11.711250,13.876347,11.283750,11.628750,12.852885,11.718750,9.648750,11.295000,11.958750,13.933206,17.265620,20.019290,22.000000,22.000000,22.000000
14.010741,14.000403,15.354681,15.566610,15.980130,16.998423,17.444367,15.861243,11.512500,13.447320,13.814319,11.415000,11.482500,12.863223,11.850000,9.300000,11.527500,12.568590,14.558655,17.883988,20.251178,22.000000,22.000000,22.000000
14.098614,15.918102,18.251144,18.545835,18.647286,18.816371,18.415398,13.891854,10.368750,11.250000,12.392844,11.220000,14.600007,15.530427,11.535000,12.175746,12.113718,12.516900,14.419092,18.637624,21.946859,22.000000,22.000000,22.000000
16.202397,16.693452,17.961284,18.086890,17.710072,17.966115,17.956453,17.019099,13.256067,14.703387,14.698218,11.636250,13.602390,14.512134,12.093042,11.505000,14.811936,14.005572,16.026651,20.260840,21.164237,22.000000,22.000000,22.000000
10.350000,12.165408,15.773370,16.538382,16.522875,17.415381,17.917805,17.299437,13.803981,14.403585,15.406371,11.962500,11.883750,13.188870,12.460041,10.012500,8.658750,9.600000,10.788750,14.941161,20.777757,22.000000,22.000000,22.000000
9.405000,12.191253,15.912933,16.770987,17.362240,18.309116,18.763230,16.646931,13.716108,13.654080,15.334005,12.847716,12.739167,14.253684,13.395630,10.316250,8.366250,8.247263,9.427500,14.817105,21.550717,22.000000,22.000000,22.000000
9.153750,12.294633,16.822677,17.598959,17.941960,18.637624,18.855019,16.011144,13.436982,13.421475,14.832612,12.651294,13.581714,14.987682,13.214715,11.141250,8.280000,8.017355,9.105000,14.930823,21.768112,22.000000,22.000000,22.000000
9.288750,14.139966,17.516832,17.724565,17.864664,18.400905,18.536173,15.943947,13.147518,13.592052,13.953882,12.279126,13.700601,14.868795,12.852885,11.313750,8.722500,7.946193,9.011250,15.359850,21.512069,22.000000,22.000000,22.000000
10.552500,15.344343,17.169000,17.569973,17.434705,17.970946,18.062735,16.124862,12.491055,13.566207,13.597221,11.561250,13.354278,14.357064,11.992500,11.145000,10.443750,8.643750,9.926250,17.598959,21.101434,22.000000,22.000000,22.000000
13.312926,14.351895,16.936395,17.060451,16.802001,17.212479,17.246296,15.990468,11.561250,13.085490,13.829826,11.047500,12.599604,13.628235,11.490000,10.601250,12.062028,11.235000,12.863223,18.434722,20.342967,22.000000,22.000000,22.000000
15.349512,15.277146,17.029437,16.584903,15.949116,16.672776,17.008761,15.974961,15.111738,13.338771,13.943544,11.107500,11.808750,12.765012,11.546250,10.151250,12.873561,13.509348,15.359850,18.526511,19.903346,22.000000,22.000000,22.000000
15.809553,16.295439,16.926057,16.646931,16.745142,17.396057,17.618283,15.881919,16.507368,13.840164,13.752291,11.415000,12.434196,13.612728,11.850000,10.387500,14.703387,13.628235,15.489075,20.333305,20.560362,22.000000,22.000000,22.000000
11.486250,15.240963,18.178679,18.541004,19.265654,20.425094,21.077279,20.231854,16.011144,17.695579,18.627962,16.197228,14.889471,16.626255,16.662438,12.217098,10.027500,9.997500,11.670000,17.019099,22.000000,22.000000,22.000000,22.000000
8.041988,11.381250,15.282315,15.804384,16.099017,17.212479,17.753551,17.869495,13.726446,15.277146,15.525258,11.846250,11.632500,13.002786,12.372168,9.633750,6.903396,7.530169,8.272500,11.951250,20.463742,22.000000,22.000000,22.000000
10.447500,11.666250,14.656866,14.579331,13.349109,13.483503,13.395630,11.430000,8.400000,8.636250,9.532500,7.292050,9.671250,10.061250,7.604068,8.080306,8.636250,9.791250,10.938750,14.744739,17.299437,22.000000,22.000000,22.000000
9.146250,10.357500,12.728829,13.214715,13.385292,14.041755,14.248515,11.831250,11.883750,9.701250,9.712500,7.806606,9.255000,10.211250,8.017355,7.242784,7.913349,8.217156,9.318750,13.685094,17.883988,22.000000,22.000000,22.000000
7.645123,8.748750,12.511731,13.261236,13.132011,13.690263,13.793643,13.519686,13.106166,11.317500,10.458750,7.480903,9.056250,9.971250,7.688915,7.237310,6.506531,7.168885,7.916086,11.463750,17.579635,22.000000,22.000000,22.000000
5.819544,8.981250,12.449703,12.832209,13.607559,14.770584,15.385695,15.173766,13.080321,13.007955,12.237774,9.326250,9.105000,10.466250,9.648750,6.974558,5.427350,5.343413,5.907128,10.616250,18.589314,22.000000,22.000000,22.000000
5.939972,9.341250,13.767798,15.308160,16.254087,17.163831,17.458860,15.949116,12.661632,13.473165,13.318095,11.100000,11.463750,12.945927,11.501250,8.977500,5.671746,5.180678,5.723749,10.980000,20.483066,22.000000,22.000000,22.000000
7.415215,12.423858,16.729635,17.434705,17.158662,17.425043,17.347747,16.042158,12.925251,13.488672,13.602390,10.946250,13.106166,13.974558,11.392500,11.017500,7.516484,6.126088,6.969084,14.041755,20.521714,22.000000,22.000000,22.000000
17.096634,18.217327,18.951639,18.140031,17.086296,17.540987,17.763213,15.773370,12.671970,12.992448,13.928037,11.550000,13.292250,13.891854,11.981250,11.655000,15.370188,15.054879,16.957071,21.062786,20.700461,22.000000,22.000000,22.000000
17.096634,18.603807,20.700461,21.014476,21.091772,21.642506,21.772943,17.729396,11.846250,14.574162,17.246296,16.155876,17.531325,18.507187,16.626255,15.463230,15.370188,15.411540,17.217310,21.062786,22.000000,22.000000,22.000000,22.000000
11.497500,17.132817,17.951622,17.743889,17.830847,18.439553,18.652117,17.122479,16.068003,15.199611,14.972175,12.506562,13.690263,14.837781,13.075152,11.400000,11.430000,9.596250,10.916250,18.893667,21.565210,22.000000,22.000000,22.000000
17.096634,18.603807,20.338136,19.681120,19.009611,19.584500,19.724599,16.708959,14.093445,14.119290,14.967006,13.571376,15.246132,16.197228,14.108952,13.566207,15.370188,15.411540,17.217310,21.062786,22.000000,22.000000,22.000000,22.000000
13.452489,12.842547,15.695835,16.062834,15.701004,15.778539,15.401202,12.413520,9.247500,9.765000,10.226250,8.253750,11.580000,12.186084,8.591250,9.675000,11.040000,11.880000,13.891854,16.920888,19.164203,22.000000,22.000000,22.000000
11.482500,12.170577,14.770584,14.713725,13.602390,13.876347,14.088276,11.891250,9.678750,9.206250,9.993750,7.820291,9.930000,10.353750,8.044725,8.236315,9.382500,10.781250,12.108549,15.561441,17.685917,22.000000,22.000000,22.000000
9.873750,10.740000,12.863223,12.914913,13.116504,13.747122,13.969389,11.400000,11.362500,9.093750,9.521250,7.625964,9.018750,9.997500,7.833976,7.042983,8.418750,8.917500,10.106250,14.429430,17.632776,22.000000,22.000000,22.000000
8.126835,8.741250,12.186084,12.997617,12.847716,13.426644,13.530024,12.852885,13.157856,10.668750,9.836250,7.226362,8.838750,9.742500,7.431637,7.056668,6.813075,7.631438,8.520000,11.857500,17.357409,22.000000,22.000000,22.000000
5.904391,8.801250,12.186084,12.532407,12.966603,14.103783,14.718894,14.615514,13.803981,12.423858,11.752500,8.681250,8.610000,9.922500,8.992500,6.722754,5.319431,5.468462,6.153458,10.586250,18.024087,22.000000,22.000000,22.000000
5.688168,8.988750,13.230222,14.744739,15.763032,16.760649,17.163831,15.721680,13.555869,13.380123,13.013124,10.863750,10.991250,12.382506,11.250000,8.433750,5.444480,5.047064,5.513000,10.867500,20.178713,22.000000,22.000000,22.000000
7.084038,12.646125,17.584466,18.714920,18.589314,18.724582,18.521680,16.021482,13.064814,13.390461,14.093445,11.812500,14.848119,15.618300,12.325647,12.392844,7.196255,5.816807,6.646118,13.772967,21.739126,22.000000,22.000000,22.000000
11.928750,17.425043,20.502390,21.014476,21.091772,21.642506,21.835746,19.850205,14.822274,17.217310,18.627962,16.548720,17.531325,18.507187,17.008761,15.463230,11.591250,10.230000,11.520000,18.859850,22.000000,22.000000,22.000000,22.000000
10.567500,14.961837,18.980625,20.217361,20.999983,21.642506,21.835746,17.777706,12.785688,14.558655,17.473353,16.466016,17.173831,18.454046,16.926057,14.532810,9.251250,8.842500,10.683750,16.259256,22.000000,22.000000,22.000000,22.000000
11.182500,11.407500,13.049307,12.801195,12.506562,13.312926,13.834995,15.075555,17.299437,13.607559,11.433750,8.306250,8.317500,9.180000,8.621250,6.807601,8.771250,10.023750,11.666250,14.620683,17.299437,22.000000,22.000000,22.000000
