2.546605,7.935245,7.916086,5.391377,5.290310,6.246516,9.723750,12.325647,12.899406,8.760000,20.478235,10.578750,8.366250,7.502799,22.000000,22.000000,22.000000,22.000000,22.000000,22.000000,22.000000,22.000000,22.000000,22.000000
1.537387,9.622500,6.427158,4.973405,5.144705,9.390000,17.376733,21.425111,20.516883,17.217310,14.532810,11.561250,9.382500,3.228522,22.000000,22.000000,22.000000,22.000000,22.000000,22.000000,22.000000,22.000000,22.000000,22.000000
7.771025,7.604068,7.905138,5.357117,6.243779,7.647860,7.721759,10.053750,9.671250,8.561250,15.101400,13.038969,10.057500,17.275282,22.000000,22.000000,22.000000,22.000000,22.000000,22.000000,22.000000,22.000000,22.000000,22.000000
1.590531,9.480000,7.817554,4.954562,6.219146,4.632518,4.567424,5.770278,5.833229,4.536590,10.938750,12.310140,9.472500,3.403822,22.000000,22.000000,22.000000,22.000000,22.000000,22.000000,22.000000,22.000000,22.000000,22.000000
1.539285,6.977295,5.783963,5.142992,4.360151,4.865486,7.554802,11.392500,10.470000,7.505536,8.636250,11.561250,9.382500,3.237287,22.000000,22.000000,22.000000,22.000000,22.000000,22.000000,22.000000,22.000000,22.000000,22.000000
1.682584,9.266250,8.655000,6.230094,5.131001,4.680482,4.305335,5.220077,5.026508,4.514321,17.512001,15.297822,11.171250,3.735139,22.000000,22.000000,22.000000,22.000000,22.000000,22.000000,22.000000,22.000000,22.000000,22.000000
1.593378,7.396056,5.803122,5.156696,4.504043,4.550294,3.750916,4.680482,4.550294,3.763187,12.511731,12.310140,9.472500,3.412587,22.000000,22.000000,22.000000,22.000000,22.000000,22.000000,22.000000,22.000000,22.000000,22.000000
1.539285,6.834971,5.523948,4.851782,4.181999,4.731872,4.485200,5.611532,5.331422,4.522886,9.180000,12.310140,9.472500,3.237287,22.000000,22.000000,22.000000,22.000000,22.000000,22.000000,22.000000,22.000000,22.000000,22.000000
1.860996,9.221250,9.056250,5.471888,4.964840,8.343750,11.756250,15.664821,15.313329,11.827500,17.724565,16.238580,14.351895,4.449227,22.000000,22.000000,22.000000,22.000000,22.000000,22.000000,22.000000,22.000000,22.000000,22.000000
1.688278,8.113150,5.748382,5.019656,5.204660,4.596545,3.587887,4.444088,4.259084,3.766693,12.718491,15.297822,11.171250,3.747410,22.000000,22.000000,22.000000,22.000000,22.000000,22.000000,22.000000,22.000000,22.000000,22.000000
1.593378,7.149726,5.764804,4.820948,4.360151,4.591406,3.400316,4.272788,4.111766,3.449400,9.405000,15.297822,11.171250,3.412587,22.000000,22.000000,22.000000,22.000000,22.000000,22.000000,22.000000,22.000000,22.000000,22.000000
1.593378,7.001928,5.490731,4.781549,3.961022,4.697612,3.756175,4.683908,4.476635,3.830834,8.241789,15.297822,11.171250,3.412587,22.000000,22.000000,22.000000,22.000000,22.000000,22.000000,22.000000,22.000000,22.000000,22.000000
2.458955,10.353750,8.072095,5.521211,4.951136,7.015613,10.316250,15.334005,13.586883,11.216250,15.938778,14.780922,13.612728,7.341316,22.000000,22.000000,22.000000,22.000000,22.000000,22.000000,22.000000,22.000000,22.000000,22.000000
1.877129,7.836713,6.988243,5.190956,5.256050,4.829513,4.778123,7.989985,7.497325,4.824374,11.441250,16.285101,14.351895,4.474922,22.000000,22.000000,22.000000,22.000000,22.000000,22.000000,22.000000,22.000000,22.000000,22.000000
1.688278,8.247263,5.573214,4.925441,4.284779,4.666778,3.288124,4.128896,3.945605,3.461671,8.726250,16.279932,14.351895,3.747410,22.000000,22.000000,22.000000,22.000000,22.000000,22.000000,22.000000,22.000000,22.000000,22.000000
1.688278,7.415215,5.800385,4.800392,4.022690,4.642796,3.225016,4.070654,3.899354,3.293383,8.115887,16.279932,14.351895,3.747410,22.000000,22.000000,22.000000,22.000000,22.000000,22.000000,22.000000,22.000000,22.000000,22.000000
1.688278,7.415215,5.584162,4.771271,3.949031,4.687334,3.421352,4.293344,4.099775,3.523026,7.907875,16.279932,14.351895,3.747410,22.000000,22.000000,22.000000,22.000000,22.000000,22.000000,22.000000,22.000000,22.000000,22.000000
8.093991,11.662500,9.960000,6.725491,4.702751,7.138778,9.086250,12.620280,10.736250,12.558252,16.641762,9.997500,9.000000,17.226972,22.000000,22.000000,22.000000,22.000000,22.000000,22.000000,22.000000,22.000000,22.000000,22.000000
2.564135,6.903396,8.178838,5.310866,4.966553,4.677056,4.666778,7.781973,6.380629,4.779836,11.726250,16.295439,14.351895,7.524695,22.000000,22.000000,22.000000,22.000000,22.000000,22.000000,22.000000,22.000000,22.000000,22.000000
1.877129,10.020000,6.689910,5.341700,4.181999,4.644509,3.830834,5.112158,4.898033,3.911345,8.790000,16.279932,14.351895,4.474922,22.000000,22.000000,22.000000,22.000000,22.000000,22.000000,22.000000,22.000000,22.000000,22.000000
1.877129,8.247263,5.901654,5.014517,4.044959,4.711316,3.144378,3.974726,3.792988,3.310913,8.124098,16.279932,14.351895,4.474922,22.000000,22.000000,22.000000,22.000000,22.000000,22.000000,22.000000,22.000000,22.000000,22.000000
1.877129,8.247263,5.825018,4.812383,3.906206,4.670204,3.126848,3.957596,3.784223,3.212745,7.894190,16.285101,14.351895,4.474922,22.000000,22.000000,22.000000,22.000000,22.000000,22.000000,22.000000,22.000000,22.000000,22.000000
2.564135,8.247263,5.825018,4.778123,3.865094,4.615388,3.246052,4.091210,3.904493,3.365256,7.743655,16.295439,14.351895,7.524695,22.000000,22.000000,22.000000,22.000000,22.000000,22.000000,22.000000,22.000000,22.000000,22.000000
8.093991,11.343750,5.226929,6.730965,5.035073,5.233781,4.387559,5.740171,5.055629,6.054926,18.879174,16.677945,14.351895,17.338085,22.000000,22.000000,22.000000,22.000000,22.000000,22.000000,22.000000,22.000000,22.000000,22.000000
2.564135,10.012500,10.661250,4.877477,4.224824,4.533164,3.782470,5.065907,4.678769,3.868520,13.452489,16.295439,14.351895,7.524695,22.000000,22.000000,22.000000,22.000000,22.000000,22.000000,22.000000,22.000000,22.000000,22.000000
2.564135,10.016250,7.042983,5.249198,3.952457,4.656500,3.430117,4.454366,4.260797,3.540556,9.982500,16.295439,14.351895,7.524695,22.000000,22.000000,22.000000,22.000000,22.000000,22.000000,22.000000,22.000000,22.000000,22.000000
2.564135,10.016250,7.040246,4.966553,3.861668,4.743863,3.065493,3.890789,3.707091,3.219757,8.437500,16.295439,14.351895,7.524695,22.000000,22.000000,22.000000,22.000000,22.000000,22.000000,22.000000,22.000000,22.000000,22.000000
8.093991,11.662500,7.040246,4.862060,3.851390,4.603397,3.065493,3.890789,3.712350,3.165414,7.959878,16.677945,14.351895,17.338085,22.000000,22.000000,22.000000,22.000000,22.000000,22.000000,22.000000,22.000000,22.000000,22.000000
8.093991,11.662500,10.661250,8.546250,4.947710,5.362256,10.856250,13.509348,13.772967,9.555000,17.313930,16.677945,14.351895,17.338085,22.000000,22.000000,22.000000,22.000000,22.000000,22.000000,22.000000,22.000000,22.000000,22.000000
8.093991,11.662500,10.661250,8.546250,5.483879,4.581128,3.624700,4.615388,4.279640,4.190564,15.974961,16.677945,14.351895,17.338085,22.000000,22.000000,22.000000,22.000000,22.000000,22.000000,22.000000,22.000000,22.000000,22.000000
8.093991,11.662500,10.661250,5.537633,4.238528,4.617101,3.403822,4.423532,4.159730,3.486213,11.651250,16.677945,14.351895,17.338085,22.000000,22.000000,22.000000,22.000000,22.000000,22.000000,22.000000,22.000000,22.000000,22.000000
8.093991,11.662500,10.661250,5.521211,3.897641,4.707890,3.232028,4.158017,3.971300,3.359997,8.857500,16.677945,14.351895,17.338085,22.000000,22.000000,22.000000,22.000000,22.000000,22.000000,22.000000,22.000000,22.000000,22.000000
1.590531,1.444385,1.600021,2.483497,3.666772,4.995674,6.739176,15.142752,22.000000,22.000000,22.000000,22.000000,22.000000,22.000000,22.000000,22.000000,22.000000,20.584517,22.000000,22.000000,22.000000,22.000000,22.000000,22.000000
1.590531,1.444385,1.600021,2.483497,3.666772,4.995674,6.711806,15.132414,22.000000,22.000000,22.000000,22.000000,22.000000,22.000000,22.000000,22.000000,22.000000,20.584517,22.000000,22.000000,22.000000,22.000000,22.000000,22.000000
1.590531,1.444385,1.600021,2.483497,3.666772,4.995674,6.687173,15.132414,22.000000,22.000000,22.000000,22.000000,22.000000,22.000000,22.000000,22.000000,22.000000,20.584517,22.000000,22.000000,22.000000,22.000000,22.000000,22.000000
1.590531,1.444385,1.600021,2.483497,3.666772,4.995674,6.654329,15.132414,22.000000,22.000000,22.000000,22.000000,22.000000,22.000000,22.000000,22.000000,22.000000,20.584517,22.000000,22.000000,22.000000,22.000000,22.000000,22.000000
1.590531,1.444385,1.600021,2.483497,3.666772,4.995674,6.629696,15.147921,22.000000,22.000000,22.000000,22.000000,22.000000,22.000000,22.000000,22.000000,22.000000,20.584517,22.000000,22.000000,22.000000,22.000000,22.000000,22.000000
1.590531,1.444385,1.600021,2.483497,3.666772,4.995674,6.618748,15.158259,22.000000,22.000000,22.000000,22.000000,22.000000,22.000000,22.000000,22.000000,22.000000,20.405770,22.000000,22.000000,22.000000,22.000000,22.000000,22.000000
1.590531,1.444385,1.600021,2.483497,3.666772,4.981970,6.610537,15.142752,22.000000,22.000000,22.000000,22.000000,22.000000,22.000000,22.000000,22.000000,22.000000,20.193206,22.000000,22.000000,22.000000,22.000000,22.000000,22.000000
1.590531,1.444385,1.600021,2.329233,2.679833,1.741422,5.185817,9.667500,22.000000,22.000000,19.057921,21.463759,16.388481,18.714920,21.425111,19.874360,15.297822,14.083107,18.888836,20.913025,18.420229,15.509751,18.371919,20.985490
1.590531,1.444385,1.600021,2.329233,2.679833,1.740473,5.185817,9.667500,22.000000,22.000000,19.057921,21.458928,16.388481,18.710089,21.425111,19.874360,15.297822,14.077938,18.888836,20.913025,18.425060,15.514920,18.371919,20.985490
1.590531,1.444385,1.600021,2.329233,2.679833,1.741422,5.184104,9.667500,22.000000,22.000000,19.057921,21.458928,16.388481,18.710089,21.425111,19.874360,15.297822,14.077938,18.888836,20.913025,18.420229,15.509751,18.371919,20.980659
1.590531,1.444385,1.600021,2.329233,2.679833,1.740473,5.182391,9.671250,22.000000,22.000000,19.053090,21.458928,16.388481,18.710089,21.425111,19.874360,15.297822,14.077938,18.888836,20.913025,18.425060,15.514920,18.371919,20.985490
1.590531,1.444385,1.600021,2.329233,2.679833,1.741422,5.180678,9.660000,22.000000,22.000000,19.028935,21.463759,16.388481,18.690765,21.405787,19.874360,15.297822,14.083107,18.888836,20.913025,18.420229,15.509751,18.371919,20.985490
1.590531,1.444385,1.600021,2.330986,2.679833,1.740473,5.055629,10.091250,22.000000,22.000000,18.999949,21.425111,16.372974,18.661779,21.376801,19.874360,15.297822,14.010741,18.855019,20.913025,18.425060,15.514920,18.371919,20.985490
1.590531,1.444385,1.600021,2.483497,3.666772,1.785076,6.654329,15.194442,22.000000,22.000000,17.739058,20.019290,14.806767,17.313930,20.057938,18.676272,16.093848,12.284295,17.396057,22.000000,22.000000,19.695613,21.478252,22.000000
1.590531,1.444385,1.600021,2.330986,2.679833,1.473804,4.418393,8.110413,20.743940,22.000000,18.246313,20.429925,13.385292,17.666593,20.710123,17.478184,9.637500,11.073750,17.280113,16.321284,15.039372,10.282500,13.137180,16.409157
1.590531,1.444385,1.600021,2.329233,2.679833,1.473804,4.418393,8.110413,20.734278,22.000000,18.246313,20.429925,13.385292,17.666593,20.714954,17.478184,9.637500,11.073750,17.284944,16.321284,15.034203,10.282500,13.137180,16.409157
1.590531,1.444385,1.600021,2.329233,2.679833,1.473804,4.416680,8.110413,20.724616,22.000000,18.246313,20.429925,13.385292,17.666593,20.714954,17.478184,9.637500,11.073750,17.280113,16.321284,15.039372,10.282500,13.137180,16.409157
1.590531,1.444385,1.600021,2.329233,2.679833,1.473804,4.416680,8.083043,20.705292,22.000000,18.246313,20.429925,13.385292,17.666593,20.714954,17.478184,9.637500,11.073750,17.284944,16.321284,15.034203,10.282500,13.137180,16.409157
1.590531,1.444385,1.600021,2.330986,2.679833,1.473804,4.411541,8.170627,20.695630,22.000000,18.231820,20.429925,13.385292,17.656931,20.705292,17.478184,9.637500,11.073750,17.280113,16.321284,15.039372,10.282500,13.137180,16.409157
1.590531,1.444385,1.600021,2.329233,2.679833,1.473804,4.507469,9.690000,20.946842,22.000000,18.222158,20.415432,13.374954,17.647269,20.695630,17.478184,9.637500,11.040000,17.265620,16.321284,15.034203,10.282500,13.137180,16.409157
1.590531,1.444385,1.600021,2.330986,2.679833,1.395037,6.678962,14.811936,22.000000,22.000000,17.879157,19.729430,11.891250,17.178662,20.217361,16.486692,10.237500,9.952500,16.445340,17.153493,17.516832,13.364616,15.587286,17.328423
1.590531,1.444385,1.600021,2.483497,3.666772,4.910024,6.678962,15.215118,22.000000,22.000000,22.000000,22.000000,22.000000,22.000000,22.000000,22.000000,22.000000,20.053107,22.000000,22.000000,22.000000,22.000000,22.000000,22.000000
1.590531,1.444385,1.600021,2.483497,3.666772,4.858634,6.692647,15.199611,22.000000,22.000000,22.000000,22.000000,22.000000,22.000000,22.000000,22.000000,22.000000,19.879191,22.000000,22.000000,22.000000,22.000000,22.000000,22.000000
1.590531,1.444385,1.600021,2.329233,2.679833,1.393139,4.267649,7.768288,20.115910,21.454097,17.787368,20.067600,11.190000,17.299437,20.454080,16.078341,6.517479,9.900000,16.621086,11.872500,11.962500,7.125093,8.085780,11.977500
1.590531,1.420660,1.567755,2.329233,2.679833,1.392190,4.265936,7.768288,20.111079,21.449266,17.787368,20.062769,11.186250,17.294606,20.449249,16.078341,6.514742,9.896250,16.615917,11.872500,11.966250,7.127830,8.085780,11.977500
1.590531,1.420660,1.567755,2.329233,2.679833,1.393139,4.265936,7.771025,20.101417,21.434773,17.787368,20.062769,11.190000,17.299437,20.449249,16.078341,6.514742,9.900000,16.615917,11.872500,11.962500,7.125093,8.085780,11.977500
1.590531,1.420660,1.567755,2.329233,2.678080,1.393139,4.265936,7.836713,20.091755,21.425111,17.787368,20.067600,11.193750,17.299437,20.454080,16.083510,6.517479,9.903750,16.621086,11.872500,11.958750,7.122356,8.085780,11.977500
1.590531,1.420660,1.567755,2.329233,2.679833,1.393139,4.281353,8.113150,20.115910,21.410618,17.777706,20.062769,11.190000,17.289775,20.444418,16.083510,6.517479,9.900000,16.621086,11.872500,11.962500,7.125093,8.085780,11.977500
1.590531,1.420660,1.567755,2.329233,2.678080,1.393139,4.418393,9.345000,20.637658,21.463759,17.859833,20.057938,11.182500,17.323592,20.473404,16.083510,6.517479,9.896250,16.610748,11.872500,11.958750,7.125093,8.085780,11.977500
1.590531,1.420660,1.567755,2.329233,2.679833,1.333352,4.428671,10.181250,21.024138,22.000000,17.941960,19.811557,10.248750,17.222141,20.357460,15.189273,6.605063,9.840000,16.068003,12.925251,14.439768,8.392500,10.507500,13.116504
1.442487,0.886776,0.968016,2.483497,3.430117,2.001448,5.185817,9.693750,22.000000,22.000000,20.570024,22.000000,17.763213,20.202868,22.000000,21.077279,16.471185,15.592455,20.270502,22.000000,20.338136,17.420212,19.661796,22.000000
1.590531,1.444385,1.600021,2.483497,3.666772,4.817522,6.698121,15.204780,22.000000,22.000000,22.000000,22.000000,22.000000,22.000000,22.000000,22.000000,22.000000,19.801895,22.000000,22.000000,22.000000,22.000000,22.000000,22.000000
1.590531,1.444385,1.600021,2.330986,2.679833,1.365618,4.122044,7.563013,19.541021,20.893701,17.217310,19.739092,10.196250,16.812339,20.028952,14.863626,5.636165,9.776250,16.068003,7.541117,9.435000,6.407999,6.257464,7.573961
0.977494,0.888807,0.982910,2.225806,2.679833,1.365618,4.122044,7.563013,19.536190,20.893701,17.222141,19.743923,10.200000,16.817508,20.028952,14.868795,5.638902,9.780000,16.073172,7.541117,9.431250,6.405262,6.257464,7.573961
0.977494,0.888807,0.982910,2.225806,2.678080,1.366567,4.122044,7.609542,19.526528,20.884039,17.226972,19.743923,10.203750,16.817508,20.033783,14.873964,5.644376,9.783750,16.078341,7.541117,9.427500,6.402525,6.257464,7.573961
0.977494,0.888807,0.982910,2.225806,2.679833,1.366567,4.125470,7.749129,19.512035,20.874377,17.217310,19.743923,10.200000,16.812339,20.028952,14.873964,5.641639,9.780000,16.078341,7.541117,9.431250,6.405262,6.257464,7.573961
0.977494,0.888807,0.982910,2.225806,2.678080,1.366567,4.180286,7.962615,19.661796,20.903363,17.207648,19.739092,10.203750,16.807170,20.024121,14.873964,5.641639,9.780000,16.073172,7.538380,9.427500,6.402525,6.257464,7.573961
0.977494,0.888807,0.982910,2.225806,2.679833,1.366567,4.353299,8.151468,20.565193,21.222209,17.212479,19.797064,10.207500,16.827846,20.048276,14.873964,5.641639,9.806250,16.114524,7.541117,9.431250,6.405262,6.257464,7.573961
0.977494,0.888807,0.982910,2.225806,2.678080,1.334301,4.589693,8.143257,20.999983,22.000000,17.961284,19.835712,10.125000,17.236634,20.400939,14.000403,5.660798,9.840000,15.799215,8.332500,11.482500,6.769283,6.854130,8.557500
1.010667,1.156838,1.319117,1.697768,2.679833,1.525999,4.815809,15.163428,21.096603,22.000000,18.565159,20.777757,14.295036,18.048242,20.970997,18.115876,10.627500,11.853750,17.811523,17.207648,16.290270,11.767500,14.165811,17.270451
1.590531,1.444385,1.600021,2.483497,3.414340,3.407328,6.131562,9.011250,22.000000,22.000000,22.000000,22.000000,21.323660,22.000000,22.000000,22.000000,19.772909,19.304302,22.000000,22.000000,19.734261,17.463691,20.830898,22.000000
1.590531,1.444385,1.600021,2.483497,3.666772,4.798679,6.687173,15.147921,22.000000,22.000000,22.000000,22.000000,22.000000,22.000000,22.000000,22.000000,22.000000,19.888853,22.000000,22.000000,22.000000,22.000000,22.000000,22.000000
1.590531,1.444385,1.600021,2.483497,3.638724,4.802105,6.670751,15.029034,22.000000,22.000000,22.000000,22.000000,22.000000,22.000000,22.000000,22.000000,22.000000,19.869529,22.000000,22.000000,22.000000,22.000000,22.000000,22.000000
1.590531,1.444385,1.600021,2.329233,2.679833,1.357077,4.068941,7.450796,19.149710,20.541038,16.693452,19.396091,10.031250,16.243749,19.618317,13.638573,5.365682,9.603750,15.483906,6.383366,8.940000,6.158932,5.513000,6.405262
0.938905,0.888807,0.982910,1.707258,2.567641,1.358026,4.068941,7.472692,19.144879,20.536207,16.698621,19.400922,10.035000,16.243749,19.623148,13.643742,5.367395,9.603750,15.483906,6.383366,8.932500,6.156195,5.513000,6.405262
0.938905,0.888807,0.982910,1.707258,2.569394,1.358026,4.067228,7.549328,19.135217,20.526545,16.698621,19.400922,10.031250,16.243749,19.618317,13.648911,5.367395,9.603750,15.489075,6.383366,8.936250,6.156195,5.513000,6.405262
0.938905,0.888807,0.982910,1.707258,2.569394,1.357077,4.086071,7.683441,19.159372,20.521714,16.683114,19.396091,10.027500,16.238580,19.613486,13.643742,5.363969,9.600000,15.483906,6.383366,8.943750,6.161669,5.513000,6.405262
0.938905,0.888807,0.982910,1.707258,2.569394,1.358026,4.170008,7.779236,19.473387,20.541038,16.683114,19.396091,10.031250,16.233411,19.608655,13.648911,5.365682,9.600000,15.483906,6.383366,8.936250,6.156195,5.513000,6.405262
0.938905,0.888807,0.982910,1.707258,2.569394,1.357077,4.284779,7.902401,19.932332,21.256026,16.621086,19.386429,10.038750,16.186890,19.570007,13.659249,5.363969,9.566250,15.489075,6.383366,8.943750,6.161669,5.513000,6.405262
0.938905,0.888807,0.982910,1.707258,2.569394,1.341893,4.269362,9.337500,20.212530,21.555548,17.512001,19.826050,10.117500,17.034606,20.241516,12.796026,5.365682,9.836250,15.602793,6.668014,9.345000,6.287571,5.778489,6.736439
0.977494,0.888807,0.982910,1.741422,2.204770,1.406425,4.606823,8.760000,21.526562,22.000000,17.821185,20.173882,11.756250,17.376733,20.497559,16.466016,6.703595,9.926250,16.827846,12.976941,13.292250,7.371423,9.090000,13.059645
1.538336,0.980879,1.065504,2.483497,3.666772,1.780331,4.815809,15.230625,21.111096,22.000000,19.169034,21.260857,15.732018,18.724582,21.415449,19.154541,14.165811,13.535193,18.618300,19.429908,20.990321,17.081127,18.608638,19.574838
1.590531,1.444385,1.600021,2.483497,3.666772,1.839169,5.767541,10.121250,22.000000,21.695647,14.455275,18.589314,14.295036,14.662035,17.719734,18.598976,16.750311,11.265000,16.166214,22.000000,22.000000,22.000000,22.000000,22.000000
1.590531,1.444385,1.600021,2.329233,2.678080,1.738575,6.695384,14.935992,22.000000,22.000000,18.975794,21.347815,16.223073,18.613469,21.333322,19.666627,15.034203,13.803981,18.748737,20.410601,18.231820,15.271977,17.908143,20.439587
1.590531,1.444385,1.600021,2.460708,3.572110,4.814096,6.648855,14.801598,22.000000,22.000000,22.000000,22.000000,22.000000,22.000000,22.000000,22.000000,22.000000,20.048276,22.000000,22.000000,22.000000,22.000000,22.000000,22.000000
0.938905,0.888807,0.982910,1.568704,2.259113,1.353281,4.060376,7.563013,18.975794,20.207699,16.217904,19.096569,9.900000,15.706173,19.299471,12.315309,5.259476,9.378750,14.879133,5.849651,8.842500,6.068611,5.280032,5.868810
0.938905,0.888807,0.982910,1.568704,2.259113,1.353281,4.125470,7.702600,19.270485,20.333305,16.212735,19.086907,9.896250,15.695835,19.289809,12.315309,5.257763,9.371250,14.873964,5.849651,8.846250,6.068611,5.280032,5.868810
0.938905,0.888807,0.982910,1.568704,2.259113,1.355179,4.132322,7.803869,19.594162,20.908194,16.150707,19.043428,9.866250,15.628638,19.236668,12.330816,5.261189,9.322500,14.832612,5.852388,8.842500,6.065874,5.280032,5.868810
0.938905,0.888807,0.982910,1.568704,2.259113,1.346638,4.283066,7.968089,20.033783,20.975828,17.226972,19.598993,10.091250,16.750311,19.999966,11.651250,5.256050,9.731250,15.297822,5.983764,8.925000,6.117877,5.365682,6.022082
0.938905,0.888807,0.982910,1.675941,2.290667,1.369414,4.382420,9.566250,20.594179,22.000000,17.531325,19.758416,10.241250,16.915719,20.082093,15.230625,5.710064,9.765000,16.197228,8.392500,10.545000,6.487372,6.522953,8.497500
0.502240,0.593635,0.692477,0.867820,1.631338,4.577702,3.892502,6.355996,19.458894,22.000000,20.536207,22.000000,20.415432,20.714954,22.000000,22.000000,22.000000,17.743889,22.000000,22.000000,19.487880,17.801861,22.000000,22.000000
1.321964,0.849541,0.942290,2.483497,3.666772,4.471496,3.785976,7.032035,19.492711,22.000000,22.000000,22.000000,22.000000,22.000000,22.000000,22.000000,22.000000,19.951656,22.000000,22.000000,22.000000,19.879191,22.000000,22.000000
1.590531,1.444385,1.600021,2.329233,2.679833,1.471906,5.184104,9.536250,22.000000,22.000000,18.212496,20.376784,13.235391,17.623114,20.671475,17.352578,9.390000,10.920000,17.212479,15.881919,14.899809,10.068750,12.723660,15.938778
1.590531,1.444385,1.600021,2.329233,2.676327,1.739524,6.648855,14.760246,22.000000,22.000000,18.999949,21.391294,16.274763,18.642455,21.367139,19.724599,15.065217,13.881516,18.797047,20.434756,18.149693,15.225456,17.922636,20.512052
0.517134,2.337998,2.962066,0.970047,1.632287,4.170008,14.362233,4.098062,7.864083,8.947500,20.618334,7.694389,4.339595,10.710000,7.787447,19.072414,22.000000,22.000000,22.000000,22.000000,22.000000,22.000000,22.000000,22.000000
0.509687,2.337998,2.988361,0.979525,1.630389,4.166582,14.512134,4.130609,7.973563,9.172500,20.859884,7.853135,4.430384,10.642500,8.197997,19.478218,22.000000,22.000000,22.000000,22.000000,22.000000,22.000000,22.000000,22.000000
0.513072,2.334492,3.060234,1.000512,1.637032,4.158017,14.863626,4.144313,8.061147,9.341250,21.028969,8.096728,4.584554,10.676250,9.888750,20.178713,22.000000,22.000000,22.000000,22.000000,22.000000,22.000000,22.000000,22.000000
0.574679,2.337998,3.289877,1.060088,1.697768,4.147739,16.564227,4.202555,8.643750,10.507500,21.763281,8.580000,5.016230,12.599604,13.731615,21.144913,22.000000,22.000000,22.000000,22.000000,22.000000,22.000000,22.000000,22.000000
1.007282,2.366046,3.996995,1.294443,1.720544,4.183712,16.688283,4.209407,13.002786,15.013527,22.000000,10.582500,10.905000,17.386395,20.869546,21.410618,22.000000,22.000000,22.000000,22.000000,22.000000,22.000000,22.000000,22.000000
1.007282,5.110445,4.838078,1.655063,2.895452,5.161835,20.647320,11.531250,13.995234,16.238580,22.000000,13.085490,10.905000,17.386395,20.869546,22.000000,22.000000,22.000000,22.000000,22.000000,22.000000,22.000000,22.000000,22.000000
0.425739,2.302938,2.928759,0.960569,1.715799,4.348160,15.075555,4.099775,7.820291,8.880000,20.444418,7.464481,4.185425,9.067500,7.439848,18.652117,22.000000,22.000000,22.000000,22.000000,22.000000,22.000000,22.000000,22.000000
0.429124,2.318715,2.937524,0.964631,1.721493,4.293344,15.850905,4.101488,7.855872,8.898750,20.468573,7.508273,4.205981,9.142500,7.494588,18.748737,22.000000,22.000000,22.000000,22.000000,22.000000,22.000000,22.000000,22.000000
0.439279,2.327480,2.965572,0.972078,1.712003,4.319039,15.644145,4.101488,7.910612,8.925000,20.729447,7.590383,4.240241,9.273750,7.579435,18.898498,22.000000,22.000000,22.000000,22.000000,22.000000,22.000000,22.000000,22.000000
0.456881,2.334492,2.972584,0.975463,1.703462,4.303622,15.463230,4.104914,7.962615,9.026250,20.830898,7.699863,4.303622,9.648750,7.716285,19.072414,22.000000,22.000000,22.000000,22.000000,22.000000,22.000000,22.000000,22.000000
0.485992,2.332739,3.018162,0.989003,1.710105,4.281353,15.618300,4.154591,7.998196,9.217500,21.004814,7.918823,4.370429,10.278750,7.910612,19.478218,22.000000,22.000000,22.000000,22.000000,22.000000,22.000000,22.000000,22.000000
0.527966,2.337998,3.081270,1.003897,1.710105,4.252232,15.876750,4.173434,8.236315,9.742500,21.323660,8.580000,4.435523,10.792500,8.283750,20.178713,22.000000,22.000000,22.000000,22.000000,22.000000,22.000000,22.000000,22.000000
0.532705,2.367799,3.289877,1.060088,1.733830,4.264223,17.055282,4.207694,8.640000,10.522500,21.748788,9.870000,4.584554,11.013750,9.922500,21.410618,22.000000,22.000000,22.000000,22.000000,22.000000,22.000000,22.000000,22.000000
0.574679,2.415130,4.838078,1.655063,1.768943,4.546868,17.309099,4.209407,13.002786,15.003189,22.000000,11.010000,5.016230,12.599604,13.731615,22.000000,22.000000,22.000000,22.000000,22.000000,22.000000,22.000000,22.000000,22.000000
1.007282,5.108732,4.838078,1.655063,2.902464,4.677056,20.714954,11.403750,13.928037,16.011144,22.000000,13.085490,10.905000,17.386395,20.869546,22.000000,22.000000,22.000000,22.000000,22.000000,22.000000,22.000000,22.000000,22.000000
0.418474,2.257360,2.941030,0.963277,1.732881,4.346447,16.476354,4.063802,7.861346,8.868750,20.690799,7.478166,4.183712,8.895000,7.461744,18.811540,22.000000,22.000000,22.000000,22.000000,22.000000,22.000000,22.000000,22.000000
0.425062,2.255607,2.963819,0.970047,1.728136,4.337882,16.714128,4.062089,7.836713,8.835000,20.671475,7.527432,4.202555,9.026250,7.530169,18.893667,22.000000,22.000000,22.000000,22.000000,22.000000,22.000000,22.000000,22.000000
0.433186,2.274890,2.986608,0.978848,1.721493,4.334456,16.610748,4.063802,7.861346,8.880000,20.830898,7.590383,4.235102,9.165000,7.647860,19.028935,22.000000,22.000000,22.000000,22.000000,22.000000,22.000000,22.000000,22.000000
0.441310,2.306444,3.016409,0.984941,1.714850,4.324178,16.491861,4.067228,7.962615,9.075000,21.028969,7.699863,4.291631,9.318750,7.855872,19.275316,22.000000,22.000000,22.000000,22.000000,22.000000,22.000000,22.000000,22.000000
0.457558,2.336245,3.079517,1.003220,1.710105,4.307048,16.703790,4.139174,8.080306,9.345000,21.144913,7.918823,4.402976,9.652500,8.257500,19.478218,22.000000,22.000000,22.000000,22.000000,22.000000,22.000000,22.000000,22.000000
0.491408,2.367799,3.160155,1.025561,1.712952,4.281353,16.750311,4.176860,8.617500,10.496250,21.710140,8.580000,4.584554,10.485000,9.922500,20.178713,22.000000,22.000000,22.000000,22.000000,22.000000,22.000000,22.000000,22.000000
0.574679,2.409871,3.288124,1.060088,1.724340,4.248806,16.884705,4.207694,8.786250,10.773750,21.748788,9.956250,5.016230,12.599604,13.731615,21.410618,22.000000,22.000000,22.000000,22.000000,22.000000,22.000000,22.000000,22.000000
1.007282,2.427401,4.838078,1.655063,1.757555,4.327604,17.371902,4.221398,12.992448,14.961837,22.000000,13.085490,10.905000,17.386395,20.869546,22.000000,22.000000,22.000000,22.000000,22.000000,22.000000,22.000000,22.000000,22.000000
0.417211,2.211782,3.012903,0.984264,1.741422,4.438949,17.091465,4.022690,7.918823,9.131250,20.835729,7.486377,4.170008,8.801250,7.417952,18.951639,22.000000,22.000000,22.000000,22.000000,22.000000,22.000000,22.000000,22.000000
0.418053,2.152180,3.028680,0.988326,1.726238,4.367003,16.957071,4.010699,7.935245,9.135000,20.734278,7.516484,4.192277,8.876250,7.461744,19.057921,22.000000,22.000000,22.000000,22.000000,22.000000,22.000000,22.000000,22.000000
0.424385,2.159192,3.026927,0.989003,1.725289,4.368716,16.889874,4.005560,7.918823,9.127500,20.724616,7.554802,4.216259,9.018750,7.530169,19.144879,22.000000,22.000000,22.000000,22.000000,22.000000,22.000000,22.000000,22.000000
0.437925,2.157439,3.072505,1.004574,1.717697,4.360151,16.802001,4.005560,7.943456,9.168750,20.676306,7.634175,4.259084,9.258750,7.647860,19.270485,22.000000,22.000000,22.000000,22.000000,22.000000,22.000000,22.000000,22.000000
0.456881,2.222300,3.123342,1.016083,1.708207,4.339595,16.734804,4.051811,8.184312,9.517500,21.173899,7.740918,4.337882,9.645000,7.855872,19.468556,22.000000,22.000000,22.000000,22.000000,22.000000,22.000000,22.000000,22.000000
0.486669,2.311703,3.123342,1.019468,1.708207,4.308761,16.791663,4.163156,8.276250,9.742500,21.318829,7.918823,4.435523,10.286250,8.257500,19.898515,22.000000,22.000000,22.000000,22.000000,22.000000,22.000000,22.000000,22.000000
0.532705,2.406365,3.288124,1.060088,1.714850,4.272788,16.858860,4.217972,8.752500,10.740000,21.734295,8.580000,4.584554,11.010000,9.918750,20.178713,22.000000,22.000000,22.000000,22.000000,22.000000,22.000000,22.000000,22.000000
0.574679,2.430907,3.300395,1.061442,1.745218,4.349873,17.212479,4.214546,9.768750,11.711250,22.000000,9.956250,5.016230,12.599604,13.731615,21.410618,22.000000,22.000000,22.000000,22.000000,22.000000,22.000000,22.000000,22.000000
1.007282,2.430907,4.838078,1.655063,1.841067,4.313900,17.946791,4.303622,12.935589,14.951499,22.000000,13.085490,10.905000,17.386395,20.869546,22.000000,22.000000,22.000000,22.000000,22.000000,22.000000,22.000000,22.000000,22.000000
0.416369,2.188993,3.091788,1.006605,1.613307,4.606823,15.297822,4.053524,8.407500,9.746250,21.347815,7.563013,4.159730,8.748750,7.390582,19.255992,22.000000,22.000000,22.000000,22.000000,22.000000,22.000000,22.000000,22.000000
0.416369,2.006193,3.098800,1.009313,1.745218,5.446193,16.951902,4.005560,8.392500,9.750000,21.256026,7.568487,4.175147,8.820000,7.423426,19.318795,22.000000,22.000000,22.000000,22.000000,22.000000,22.000000,22.000000,22.000000
0.420158,2.013785,3.039198,0.998481,1.622797,6.054926,16.507368,3.983291,8.377500,9.693750,21.130420,7.620490,4.192277,8.940000,7.464481,19.405753,22.000000,22.000000,22.000000,22.000000,22.000000,22.000000,22.000000,22.000000
0.429801,2.002397,3.042704,0.987649,1.652216,5.280032,16.553889,3.990143,8.358750,9.727500,21.067617,7.672493,4.216259,9.108750,7.530169,19.613486,22.000000,22.000000,22.000000,22.000000,22.000000,22.000000,22.000000,22.000000
0.441310,2.011887,3.040951,0.993742,1.672145,5.166974,16.605579,4.096349,8.448750,9.836250,21.077279,7.738181,4.259084,9.322500,7.647860,19.724599,22.000000,22.000000,22.000000,22.000000,22.000000,22.000000,22.000000,22.000000
0.456204,2.034663,3.154896,1.024207,1.693023,5.023082,16.610748,4.224824,8.868750,10.155000,21.768112,7.853135,4.337882,9.645000,7.855872,19.898515,22.000000,22.000000,22.000000,22.000000,22.000000,22.000000,22.000000,22.000000
0.486669,2.129391,3.209239,1.037747,1.706309,4.851782,16.641762,4.303622,9.116250,10.526250,22.000000,8.096728,4.435523,10.282500,8.257500,20.178713,22.000000,22.000000,22.000000,22.000000,22.000000,22.000000,22.000000,22.000000
0.532705,2.437919,3.298642,1.060765,1.738575,4.778123,17.117310,4.300196,9.506250,11.291250,22.000000,8.580000,4.584554,11.013750,9.918750,21.144913,22.000000,22.000000,22.000000,22.000000,22.000000,22.000000,22.000000,22.000000
0.574679,2.436166,3.996995,1.294443,1.842965,6.769283,17.734227,4.274501,12.889068,14.894640,22.000000,9.956250,5.016230,12.594435,13.731615,21.410618,22.000000,22.000000,22.000000,22.000000,22.000000,22.000000,22.000000,22.000000
1.007282,2.583418,4.793540,1.647471,1.841067,9.510000,18.676272,4.731872,12.951096,14.982513,22.000000,13.085490,10.905000,17.386395,20.869546,22.000000,22.000000,22.000000,22.000000,22.000000,22.000000,22.000000,22.000000,22.000000
0.416790,2.181981,3.452906,1.095969,1.619950,7.538380,14.677542,4.432097,9.626250,10.845000,22.000000,7.836713,4.159730,8.775000,7.412478,20.256009,22.000000,22.000000,22.000000,22.000000,22.000000,22.000000,22.000000,22.000000
0.416790,1.889466,3.454659,1.104643,1.570602,5.808596,16.036989,4.226537,9.731250,11.066250,22.000000,7.809343,4.175147,8.838750,7.442585,20.086924,22.000000,22.000000,22.000000,22.000000,22.000000,22.000000,22.000000,22.000000
0.420158,1.896109,3.400316,1.084460,1.438691,5.456471,14.274360,4.289918,9.727500,11.407500,22.000000,7.864083,4.192277,8.936250,7.494588,20.115910,22.000000,22.000000,22.000000,22.000000,22.000000,22.000000,22.000000,22.000000
0.429801,1.879976,3.416093,1.090553,1.419711,5.305727,14.667204,4.476635,10.211250,11.527500,22.000000,7.976300,4.216259,9.108750,7.579435,20.251178,22.000000,22.000000,22.000000,22.000000,22.000000,22.000000,22.000000,22.000000
0.441310,1.854353,3.396810,1.085814,1.387445,5.201234,15.116907,4.632518,9.532500,10.687500,22.000000,7.965352,4.259084,9.318750,7.716285,20.632827,22.000000,22.000000,22.000000,22.000000,22.000000,22.000000,22.000000,22.000000
0.456204,1.870486,3.643983,1.174869,1.466212,5.065907,15.473568,4.730159,9.033750,10.237500,22.000000,8.096728,4.337882,9.645000,7.910612,20.777757,22.000000,22.000000,22.000000,22.000000,22.000000,22.000000,22.000000,22.000000
0.486669,1.902752,3.773705,1.216625,1.598123,4.898033,16.026651,4.738724,10.301250,11.598750,22.000000,8.580000,4.435523,10.286250,8.283750,21.144913,22.000000,22.000000,22.000000,22.000000,22.000000,22.000000,22.000000,22.000000
0.532705,2.553617,3.935327,1.282106,1.842016,4.697612,17.729396,4.702751,10.530000,12.434196,22.000000,9.870000,4.584554,11.013750,9.918750,21.410618,22.000000,22.000000,22.000000,22.000000,22.000000,22.000000,22.000000,22.000000
0.574679,2.586924,4.755854,1.631338,1.842965,4.844930,18.710089,4.587980,12.883899,14.894640,22.000000,11.010000,5.016230,12.599604,13.731615,22.000000,22.000000,22.000000,22.000000,22.000000,22.000000,22.000000,22.000000,22.000000
1.007282,5.095028,4.774697,1.629440,2.921747,4.603397,20.855053,11.122500,13.447320,15.638976,22.000000,13.085490,10.905000,17.386395,20.869546,22.000000,22.000000,22.000000,22.000000,22.000000,22.000000,22.000000,22.000000,22.000000
0.414685,2.401106,3.505496,1.133113,1.664553,5.351978,15.737187,4.003847,9.907500,11.306250,22.000000,9.735000,4.151165,8.722500,7.628701,22.000000,22.000000,22.000000,22.000000,22.000000,22.000000,22.000000,22.000000,22.000000
0.417211,3.300395,3.402069,1.107490,1.781280,6.153458,16.264425,7.656071,7.927034,9.281250,20.159389,9.705000,4.164869,8.775000,7.642386,22.000000,22.000000,22.000000,22.000000,22.000000,22.000000,22.000000,22.000000,22.000000
0.416790,2.083813,3.410834,1.110337,1.212829,6.443580,11.535000,7.494588,9.558750,10.938750,22.000000,9.408750,4.181999,8.838750,7.675230,22.000000,22.000000,22.000000,22.000000,22.000000,22.000000,22.000000,22.000000,22.000000
0.420158,2.983102,3.509002,1.125521,1.285902,6.035767,12.413520,8.400000,8.688750,9.768750,21.729464,9.337500,4.202555,8.936250,7.719022,22.000000,22.000000,22.000000,22.000000,22.000000,22.000000,22.000000,22.000000,22.000000
0.429801,2.628996,3.545815,1.169175,1.170124,5.513000,12.031014,9.607500,7.885979,8.970000,20.768095,9.648750,4.235102,9.105000,7.787447,22.000000,22.000000,22.000000,22.000000,22.000000,22.000000,22.000000,22.000000,22.000000
0.441310,2.183734,3.016409,1.009990,1.145450,5.202947,11.591250,11.081250,7.439848,8.433750,20.256009,9.828750,4.291631,9.318750,7.929771,22.000000,22.000000,22.000000,22.000000,22.000000,22.000000,22.000000,22.000000,22.000000
0.456881,1.866690,2.944536,0.985618,1.140705,5.019656,11.516250,11.460000,7.075827,8.072095,20.057938,10.327500,4.402976,9.648750,8.283750,22.000000,22.000000,22.000000,22.000000,22.000000,22.000000,22.000000,22.000000,22.000000
0.490731,1.773688,3.582628,1.181512,1.121725,4.827800,12.878730,10.781250,8.715000,10.338750,21.661830,10.871250,4.584554,10.481250,9.922500,22.000000,22.000000,22.000000,22.000000,22.000000,22.000000,22.000000,22.000000,22.000000
0.574679,3.955883,3.533544,1.155889,2.872663,4.980257,21.120758,8.756250,9.682500,11.947500,22.000000,11.010000,5.016230,12.599604,13.731615,22.000000,22.000000,22.000000,22.000000,22.000000,22.000000,22.000000,22.000000,22.000000
1.007282,4.526312,4.726733,1.616154,3.039198,4.755854,21.120758,7.220888,13.297419,15.509751,22.000000,13.085490,10.905000,17.386395,20.869546,22.000000,22.000000,22.000000,22.000000,22.000000,22.000000,22.000000,22.000000,22.000000
0.430478,3.377527,3.198721,1.034362,1.753759,7.160674,16.093848,7.998196,8.276250,9.645000,19.999966,8.718750,4.839791,8.722500,12.630618,22.000000,22.000000,22.000000,22.000000,22.000000,22.000000,22.000000,22.000000,22.000000
0.655242,3.961022,3.521273,1.138807,2.248595,7.535643,16.114524,5.434202,9.532500,11.268750,21.971014,8.080306,8.535000,10.875000,18.739075,20.512052,22.000000,22.000000,22.000000,22.000000,22.000000,22.000000,22.000000,22.000000
