0.968016,0.397003,0.341010,0.897608,1.031654,0.965985,1.276412,2.492262,3.607170,5.353691,8.771250,6.016608,4.769558,3.356491,2.876169,4.647935,6.933503,8.336250,13.147518,13.581714,21.695647,22.000000,22.000000,22.000000
1.646522,0.833970,0.847510,1.395037,1.589582,1.849608,2.487003,3.981578,5.707327,9.292500,11.212500,9.772500,6.884237,5.781226,5.526685,7.250995,10.226250,14.036586,17.932298,20.140065,22.000000,22.000000,22.000000,22.000000
0.882714,0.376795,0.368375,0.869174,1.014052,0.867820,1.152093,2.083813,3.386292,4.832939,7.579435,5.879758,4.742150,3.114577,2.483497,4.378994,6.063137,7.297524,10.548750,9.656250,21.415449,21.280181,22.000000,22.000000
0.968016,0.397424,0.340589,0.896254,1.030977,0.965308,1.277361,2.492262,3.607170,5.353691,8.797500,6.008397,4.766132,3.351232,2.879675,4.654787,6.936240,8.332500,13.147518,13.504179,21.661830,22.000000,22.000000,22.000000
1.646522,0.834647,0.844125,1.395986,1.588633,1.831577,2.501027,4.074080,5.707327,9.348750,11.505000,9.738750,6.818549,5.666272,5.606058,7.330368,10.586250,14.036586,18.304285,19.980642,22.000000,22.000000,22.000000,22.000000
0.882714,0.376374,0.368796,0.868497,1.014052,0.867820,1.153042,2.083813,3.386292,4.832939,7.579435,5.874284,4.740437,3.116330,2.485250,4.382420,6.065874,7.297524,10.548750,9.776250,21.381632,21.169068,22.000000,22.000000
0.968016,0.398266,0.340168,0.894900,1.028946,0.963954,1.280208,2.492262,3.607170,5.353691,8.797500,5.994712,4.757567,3.351232,2.883181,4.661639,6.936240,8.336250,13.147518,13.674756,21.618351,22.000000,22.000000,22.000000
1.646522,0.850218,0.840063,1.366567,1.563010,1.813546,2.579912,4.074080,5.707327,9.348750,11.715000,9.611250,6.807601,5.630691,5.636165,7.480903,10.586250,14.036586,18.304285,20.328474,22.000000,22.000000,22.000000,22.000000
0.882714,0.382268,0.341431,0.817045,0.953799,0.831262,1.087168,2.023275,3.337208,4.738724,6.996454,5.532159,4.409828,3.046210,2.348516,4.241954,5.835966,7.294787,9.633750,8.137783,20.188375,21.246364,20.739109,22.000000
0.908440,0.374690,0.368796,0.867820,1.012698,0.868497,1.153991,2.083813,3.396810,4.832939,7.579435,5.877021,4.738724,3.118083,2.488756,4.382420,6.065874,7.434374,10.552500,9.922500,21.333322,21.120758,22.000000,22.000000
0.968016,0.399950,0.340589,0.894900,1.028946,0.965308,1.283055,2.492262,3.607170,5.353691,8.793750,6.002923,4.757567,3.354738,2.888440,4.663352,6.933503,8.332500,13.142349,13.871178,21.584534,22.000000,22.000000,22.000000
1.646522,0.880683,0.842771,1.375108,1.569653,1.842016,2.765730,4.074080,5.707327,9.348750,11.715000,9.690000,6.793916,5.742908,5.800385,7.760077,10.586250,14.036586,18.304285,20.714954,22.000000,22.000000,22.000000,22.000000
0.908440,0.372164,0.351956,0.781841,0.917241,0.796735,1.064150,2.023275,3.347726,4.738724,6.988243,5.375960,4.267649,2.932265,2.264372,4.175147,5.835966,7.428900,9.633750,7.765551,19.637641,20.202868,20.236685,22.000000
0.908440,0.382268,0.342694,0.818399,0.955153,0.832616,1.087168,2.082060,3.396810,4.832939,7.218151,5.534896,4.411541,3.047963,2.348516,4.241954,6.024819,7.434374,10.545000,8.184312,20.188375,21.217378,20.690799,22.000000
0.968016,0.374690,0.367533,0.869174,1.014729,0.869851,1.154940,2.173216,3.601911,5.043638,7.579435,5.882495,4.742150,3.123342,2.492262,4.384133,6.156195,8.336250,12.118887,10.173750,21.371970,21.173899,22.000000,22.000000
0.971401,0.399950,0.342694,0.898285,1.032331,0.968693,1.283055,2.492262,3.607170,5.353691,8.797500,6.024819,4.769558,3.361750,2.891946,4.663352,6.936240,8.351250,13.147518,14.227839,21.676323,22.000000,22.000000,22.000000
1.646522,0.880683,0.866466,1.407374,1.605715,1.901803,2.765730,4.074080,5.707327,9.348750,11.715000,9.851250,6.917081,5.920813,6.126088,7.760077,10.586250,14.036586,18.304285,21.531393,22.000000,22.000000,22.000000,22.000000
0.902347,0.352798,0.354903,0.786580,0.921980,0.807567,0.994419,2.222300,3.352985,4.860347,7.166148,5.415359,4.279640,3.011150,2.171463,3.938753,6.273886,7.374160,11.025000,7.431637,19.304302,20.043445,19.966149,22.000000
0.968016,0.370901,0.351114,0.783195,0.919272,0.797412,1.079044,2.171463,3.601911,5.043638,7.220888,5.381099,4.271075,2.935771,2.287161,4.241954,6.117877,8.336250,12.108549,7.765551,19.666627,20.207699,20.144896,22.000000
0.971401,0.389004,0.343957,0.819753,0.957184,0.833293,1.119827,2.173216,3.601911,5.043638,7.579435,5.548581,4.418393,3.053222,2.350269,4.382420,6.156195,8.351250,12.118887,8.184312,20.246347,21.202885,20.594179,22.000000
0.971401,0.384373,0.366270,0.872559,1.018114,0.871882,1.156838,2.492262,3.607170,5.353691,8.797500,5.901654,4.757567,3.130354,2.492262,4.582841,6.936240,8.351250,13.147518,10.173750,21.512069,21.159406,22.000000,22.000000
1.646522,0.399950,0.344799,0.901670,1.036393,0.970724,1.282106,4.026116,5.707327,9.348750,10.080000,6.046715,4.784975,3.374021,2.891946,4.663352,10.143750,14.036586,18.207665,14.227839,21.811591,22.000000,22.000000,22.000000
1.646522,0.880683,0.901670,1.516509,1.722442,1.986264,2.765730,4.074080,5.707327,9.348750,11.715000,10.710000,7.469955,6.323152,6.126088,7.760077,10.586250,14.036586,18.304285,21.531393,22.000000,22.000000,22.000000,22.000000
0.971401,0.376374,0.356587,0.764916,0.900993,0.783195,1.108439,2.173216,3.601911,5.043638,7.579435,5.310866,4.205981,2.886687,2.287161,4.380707,6.156195,8.351250,12.118887,7.765551,19.294640,20.130403,19.951656,22.000000
0.971401,0.398687,0.335116,0.784549,0.920626,0.812306,1.122674,2.492262,3.607170,5.353691,8.793750,5.386238,4.276214,2.948042,2.350269,4.581128,6.936240,8.351250,13.147518,8.184312,19.739092,20.207699,20.091755,22.000000
1.646522,0.384373,0.365849,0.823815,0.959892,0.870528,1.157787,4.027829,5.707327,9.348750,10.080000,5.556792,4.425245,3.105812,2.492262,4.582841,10.143750,14.036586,18.207665,10.173750,20.352629,21.222209,20.555531,22.000000
1.646522,0.399950,0.344799,0.902347,1.037747,0.970724,1.282106,4.026116,5.707327,9.348750,10.080000,6.057663,4.796966,3.374021,2.891946,4.663352,10.143750,14.036586,18.207665,14.227839,21.772943,21.178730,22.000000,22.000000
1.646522,0.880683,0.901670,1.516509,1.722442,1.986264,2.765730,4.074080,5.707327,9.348750,11.715000,10.710000,7.508273,6.323152,6.126088,7.760077,10.586250,14.036586,18.304285,21.531393,22.000000,22.000000,22.000000,22.000000
1.646522,0.419737,0.634255,0.909117,1.032331,1.410221,1.436793,4.074080,5.707327,9.348750,10.185000,6.402525,4.603397,4.464644,3.480954,4.548581,10.395000,14.036586,18.304285,11.703750,18.594145,17.787368,17.569973,22.000000
1.646522,0.384373,0.356166,0.787257,0.921980,0.848187,1.156838,4.026116,5.707327,9.348750,10.080000,5.387951,4.277927,2.997126,2.492262,4.582841,10.143750,14.036586,18.202834,10.173750,19.589331,20.140065,19.932332,22.000000
1.646522,0.399950,0.344799,0.850218,0.976140,0.969370,1.282106,4.026116,5.707327,9.348750,10.080000,5.690905,4.454366,3.347726,2.891946,4.663352,10.143750,14.036586,18.207665,14.227839,20.516883,20.236685,20.091755,22.000000
1.646522,0.880683,0.901670,1.516509,1.722442,1.986264,2.765730,4.074080,5.707327,9.348750,11.715000,10.710000,7.508273,6.323152,6.126088,7.760077,10.586250,14.036586,18.304285,21.531393,22.000000,21.294674,20.512052,22.000000
22.000000,22.000000,22.000000,21.521731,15.039372,10.417500,8.962500,7.623227,5.666272,1.968233,1.487090,1.014052,2.502780,2.169710,1.451028,0.391530,0.458235,1.749963,3.435376,1.102745,1.167277,1.060088,1.570602,0.624777
22.000000,22.000000,22.000000,19.222175,14.057262,9.975000,8.673750,7.546591,5.268041,1.977723,1.479498,1.022176,2.530828,2.196005,1.331454,0.405423,0.338905,1.374159,1.953998,1.074305,1.311525,1.063473,1.580092,0.621392
22.000000,22.000000,22.000000,19.260823,14.755077,10.218750,8.471250,7.223625,5.177252,1.987213,1.484243,1.049256,2.567641,2.234571,1.347587,0.404160,0.334695,1.174869,1.847710,1.070920,1.446283,1.066181,1.600021,0.636286
22.000000,22.000000,22.000000,17.970946,15.520089,10.961250,8.550000,7.275628,5.211512,2.023275,1.491835,1.068889,2.737682,2.576406,1.361822,0.333432,0.334695,1.076336,1.811648,1.076336,1.374159,1.066858,1.606664,0.655919
22.000000,22.000000,22.000000,18.512018,15.571779,11.137500,8.763750,7.363212,5.244059,2.054012,1.515560,1.081075,3.132107,2.795531,1.375108,0.371743,0.340589,1.053995,1.804056,1.060088,1.281157,1.079721,1.616154,0.645764
22.000000,22.000000,22.000000,19.091738,14.775753,10.991250,8.970000,7.519221,5.333135,2.148674,1.567755,1.079044,3.051469,2.664056,1.524101,0.404160,0.346483,1.039101,1.804056,1.047902,1.294443,1.170124,2.304691,0.639671
22.000000,22.000000,22.000000,22.000000,15.184104,10.980000,11.883750,10.278750,6.137036,1.946406,1.408323,1.020145,3.349479,2.962066,1.561112,0.485992,0.339747,0.972755,1.795515,1.674992,1.357077,1.921732,1.962539,0.510364
22.000000,22.000000,22.000000,20.207699,17.618283,16.357467,13.054476,10.140000,5.841440,2.011887,1.548775,1.034362,2.779754,2.383576,1.562061,0.333853,0.457558,1.749963,3.435376,1.102745,1.153042,1.082429,1.593378,0.610560
22.000000,22.000000,22.000000,19.714937,14.201994,10.522500,9.116250,7.697126,5.740171,2.009989,1.525050,1.053995,2.571147,2.236324,1.457671,0.383952,0.347746,1.373210,1.953998,1.069566,1.174869,1.092584,1.601919,0.632901
22.000000,22.000000,22.000000,20.265671,13.467996,10.008750,8.598750,7.500062,5.339987,2.085566,1.523152,1.114133,2.607960,2.273137,1.369414,0.321644,0.347746,1.175818,1.848659,1.079721,1.342842,1.102745,1.609511,0.621392
22.000000,22.000000,22.000000,20.966166,13.545531,9.731250,8.415000,7.240047,5.256050,2.225806,1.575347,1.161583,2.641267,2.306444,1.382700,0.363744,0.346904,1.076336,1.827781,1.076336,1.440589,1.114133,1.616154,0.583480
22.000000,22.000000,22.000000,20.512052,13.168194,9.941250,7.946193,6.845919,5.288597,2.311703,1.631338,1.189104,2.825332,2.639514,1.395037,0.343957,0.343957,1.053995,1.827781,1.036393,1.366567,1.135960,1.499427,0.582126
22.000000,22.000000,22.000000,20.541038,15.142752,10.023750,8.137783,6.900659,5.316005,2.362540,1.659808,1.205237,3.135613,2.783260,1.411170,0.347325,0.343536,1.039101,1.814495,1.025561,1.270718,1.138807,1.675941,0.583480
22.000000,22.000000,22.000000,20.884039,16.760649,14.134797,8.876250,7.390582,5.413646,2.430907,1.705360,1.179614,3.032186,2.628996,1.545928,0.355745,0.334274,1.026238,1.799311,1.022853,0.957184,1.583888,1.308678,0.573325
22.000000,22.000000,22.000000,21.381632,17.342916,13.085490,9.438750,7.541117,6.013871,2.753459,1.942610,1.313423,3.188203,2.867404,1.600021,0.389425,0.458235,1.749963,3.435376,1.102745,1.290647,1.086491,1.495631,0.593635
22.000000,22.000000,22.000000,20.333305,17.117310,14.062431,9.802500,7.842187,5.844177,2.023275,1.553520,1.051964,2.783260,2.371305,1.551622,0.327117,0.366270,1.374159,1.953998,1.098949,0.985618,1.097323,1.514611,0.610560
22.000000,22.000000,22.000000,20.260840,16.145538,14.615514,11.651250,9.033750,5.721012,2.043204,1.535489,1.072951,2.341504,1.977723,1.436793,0.326696,0.366270,1.174869,1.888517,1.084460,1.007959,1.110337,1.530744,0.634255
22.000000,22.000000,22.000000,20.772926,15.628638,13.566207,12.020676,10.530000,5.166974,2.138156,1.548775,1.136909,2.181981,1.939763,1.230860,0.340168,0.370480,1.076336,1.888517,1.058734,1.123623,1.121725,1.549724,0.625454
22.000000,22.000000,22.000000,21.067617,16.450509,13.147518,11.643750,9.956250,4.856921,2.273137,1.597174,1.181512,2.243336,1.973927,1.214727,0.370901,0.352798,1.053995,1.888517,1.012698,1.445334,1.132164,1.562061,0.587542
22.000000,22.000000,22.000000,20.869546,16.760649,13.819488,10.635000,8.737500,4.918589,2.352022,1.652216,1.207135,2.541346,2.416883,1.230860,0.355745,0.362060,1.039101,1.823036,0.993065,1.440589,1.139756,1.856251,0.584834
22.000000,22.000000,22.000000,20.845391,17.690748,14.196825,10.923750,8.977500,5.117297,2.562382,1.756606,1.259330,3.146131,2.839356,1.322913,0.357008,0.346483,1.029623,1.788872,1.003897,1.332403,1.141654,1.968233,0.607852
22.000000,22.000000,21.884056,22.000000,18.811540,14.114121,11.193750,9.187500,7.004665,2.383576,1.656012,1.279259,3.293383,3.112824,1.707258,0.712787,0.346062,0.766947,1.661706,1.372261,1.443436,1.973927,2.278396,0.402476
22.000000,22.000000,22.000000,22.000000,18.309116,14.977344,13.147518,10.582500,12.315309,6.183565,4.886042,3.182944,3.672031,3.095294,2.827085,0.644410,0.368375,1.053318,1.793617,1.202390,1.255534,1.959692,1.573449,0.767624
22.000000,22.000000,22.000000,22.000000,16.755480,13.090659,12.237774,10.863750,5.415359,2.352022,1.814495,1.126470,3.189956,2.869157,1.527897,0.843448,0.457558,1.749963,3.435376,1.102745,1.624695,1.706309,1.587684,0.571294
22.000000,22.000000,22.000000,22.000000,18.569990,13.245729,9.112500,7.376897,6.033030,2.203017,1.675941,1.092584,3.128601,2.737682,1.600970,0.798766,0.425062,1.374159,1.953998,1.102745,1.175818,1.087168,1.650318,0.580095
22.000000,22.000000,22.000000,20.396108,17.458860,14.315712,9.813750,7.902401,6.342311,2.262619,1.646522,1.237503,2.830591,2.402859,1.592429,0.333011,0.425062,1.175818,1.952100,1.101796,1.002543,1.098949,1.707258,0.631547
22.000000,22.000000,22.000000,20.420263,16.667607,14.672373,12.103380,9.551250,6.490109,2.676327,1.748065,1.369414,2.383576,1.999550,1.473804,0.333853,0.402897,1.076336,1.952100,1.015406,1.034362,1.113184,1.756606,0.512395
22.000000,22.000000,22.000000,18.362257,16.285101,13.669587,11.992500,10.342500,5.334848,2.870910,1.881874,1.455773,2.287161,1.996703,1.276412,0.439956,0.365849,1.058734,1.910344,0.948383,1.157787,1.124572,1.824934,0.485992
22.000000,22.000000,22.000000,19.231837,15.230625,13.783305,11.445000,9.881250,5.110445,3.021668,1.948304,1.506070,2.343257,2.027071,1.279259,0.373006,0.368796,1.050610,1.851506,0.950414,1.462416,1.135960,1.861945,0.479222
22.000000,22.000000,22.000000,20.400939,15.013527,12.062028,10.710000,8.771250,5.168687,3.109318,2.009989,1.533591,2.664056,2.515051,1.302035,0.320381,0.374690,1.045194,1.832526,0.999835,1.423507,1.279259,1.893262,0.489377
22.000000,22.000000,22.000000,22.000000,11.103750,8.197997,8.951250,7.962615,5.220077,3.216251,2.089072,1.509866,3.160155,2.834097,1.385547,0.415106,0.351956,1.039778,1.826832,1.026915,1.318168,1.902752,1.332403,0.548953
22.000000,22.000000,22.000000,22.000000,13.168194,7.568487,4.784975,4.161443,9.611250,5.076185,4.062089,2.544852,2.423895,1.918885,1.939763,0.620038,0.444695,0.823138,1.967284,1.701564,0.498178,1.209982,2.345010,0.833970
22.000000,22.000000,22.000000,22.000000,21.101434,18.077228,16.011144,13.597221,7.344053,6.536638,5.386238,2.970831,3.600158,3.300395,1.723391,0.958538,0.462297,1.749963,3.435376,1.141654,1.794566,1.143552,1.684482,0.977494
22.000000,22.000000,22.000000,22.000000,16.238580,13.173363,11.666250,10.267500,8.430000,4.832939,3.995282,2.155686,4.665065,4.152878,2.341504,0.409212,0.462297,1.374159,2.464214,1.141654,1.794566,1.184359,1.742371,0.767624
22.000000,22.000000,22.000000,21.338153,12.806364,10.301250,9.322500,7.620490,6.104192,2.248595,1.692074,1.131215,3.053222,2.690351,1.600970,0.364165,0.462297,1.175818,2.464214,1.125521,1.187206,1.261228,1.791719,0.581449
22.000000,22.000000,22.000000,22.000000,13.576545,10.451250,7.218151,5.931761,6.555797,2.373058,1.671196,1.284004,2.788519,2.348516,1.586735,0.606498,0.411738,1.109388,2.464214,0.934843,0.988326,1.329556,1.833475,0.626808
22.000000,22.000000,22.000000,22.000000,17.193155,12.987279,8.272500,6.774757,6.443580,2.769236,1.789821,1.409272,2.257360,1.914140,1.454824,0.626131,0.399950,1.104643,1.853404,0.871205,0.785903,1.392190,1.868588,0.515780
22.000000,22.000000,22.000000,22.000000,17.685917,13.886685,11.407500,8.793750,5.122436,2.953301,1.923630,1.490886,1.804056,1.623746,1.131215,0.530674,0.413843,1.104643,1.851506,0.965308,0.886776,1.448181,1.939763,0.494793
22.000000,22.000000,22.000000,22.000000,15.747525,13.783305,11.853750,10.410000,4.385846,3.095294,1.984366,1.537387,1.856251,1.682584,1.020145,0.530674,0.404160,1.073628,1.870486,0.978848,1.218523,1.546877,1.963488,0.488023
22.000000,22.000000,22.000000,22.000000,15.902595,12.072366,11.227500,9.318750,5.978290,3.883937,2.657044,1.839169,2.725411,2.595689,1.375108,0.638994,0.398266,1.052641,1.859098,1.013375,1.539285,1.635134,1.983417,0.471775
22.000000,22.000000,22.000000,22.000000,15.980130,13.561038,11.782500,10.331250,4.142600,3.468683,2.739435,1.561112,1.820189,1.669298,0.968016,0.576033,0.398266,0.826523,1.737626,1.189104,1.090553,1.689227,1.849608,0.707371
22.000000,22.000000,22.000000,22.000000,15.607962,11.426250,8.132309,6.673488,6.128825,2.639514,1.832526,1.304882,2.921747,2.509792,1.598123,0.678937,0.201659,1.106541,1.864792,1.586735,1.060765,2.141662,2.096084,0.716849
22.000000,22.000000,22.000000,22.000000,18.468539,14.977344,10.620000,8.306250,6.613274,3.137366,2.068036,1.518407,3.149637,2.778001,1.600970,0.555046,0.419316,1.156838,2.590430,0.968693,1.084460,1.816393,1.889466,0.722265
22.000000,22.000000,22.000000,22.000000,21.101434,18.077228,16.011144,13.597221,13.354278,9.311250,6.542112,4.735298,4.668491,4.152878,3.068999,0.958538,0.639671,1.749963,3.435376,2.336245,1.794566,1.281157,1.805005,1.050610
22.000000,22.000000,22.000000,22.000000,21.101434,18.077228,16.011144,13.597221,4.673630,3.216251,2.734176,1.418762,2.707881,2.483497,1.190053,0.729035,0.639671,1.505121,3.435376,2.336245,1.568704,1.172022,1.849608,0.724296
22.000000,22.000000,22.000000,22.000000,15.711342,12.775350,9.783750,8.247263,8.381250,2.877922,2.059271,1.426354,4.644509,4.152878,2.357281,0.420579,0.639671,1.505121,3.435376,1.562061,1.466212,1.255534,1.887568,0.488700
22.000000,22.000000,22.000000,22.000000,13.473165,9.097500,9.082500,7.535643,12.589266,4.065515,2.660550,2.040357,4.509182,3.854816,3.068999,0.440633,0.380584,1.504172,2.481744,0.807567,1.247942,1.330505,1.917936,0.349009
22.000000,22.000000,22.000000,22.000000,14.563824,10.646250,7.511010,5.981027,13.354278,4.892894,3.489719,2.827085,3.719362,3.044457,2.939277,0.683676,0.362481,1.374159,2.196005,0.923334,1.034362,1.395986,1.941661,0.379742
22.000000,22.000000,22.000000,22.000000,17.391226,13.731615,8.542500,7.010139,11.658750,5.803122,3.995282,3.351232,2.827085,2.266125,2.187240,0.639671,0.437925,1.149246,2.004295,0.951091,0.834647,1.455773,1.960641,0.429801
22.000000,22.000000,22.000000,22.000000,17.811523,13.969389,11.988750,9.405000,7.940719,6.544849,4.543442,3.817130,2.143415,1.877129,1.570602,0.599728,0.429124,1.086491,2.009040,1.000512,0.936197,1.509866,1.976774,0.610560
22.000000,22.000000,22.000000,22.000000,16.362636,13.767798,11.580000,10.155000,6.372418,7.308472,4.846643,4.226537,2.260866,1.936916,1.435844,0.566555,0.404581,1.071597,2.087319,1.049256,1.333352,1.558265,1.639879,0.655919
22.000000,22.000000,22.000000,22.000000,17.197986,12.801195,11.111250,9.326250,6.621485,8.760000,5.975553,4.084358,2.960313,2.799037,1.489937,0.425739,0.452819,1.074305,2.099590,1.603817,1.514611,1.603817,2.176722,0.645087
22.000000,22.000000,22.000000,22.000000,17.545818,13.969389,8.805000,7.215414,11.895000,5.606058,3.859955,3.265335,2.927006,2.353775,2.274890,0.613268,0.528643,1.162532,1.760402,1.491835,0.866466,1.579143,2.946289,0.425062
22.000000,22.000000,22.000000,22.000000,16.336791,11.561250,8.883750,7.097723,13.354278,5.482166,3.677290,3.480954,4.468070,3.811991,3.068999,0.715495,0.422354,1.116031,2.537840,0.994419,1.217574,1.912242,1.949253,0.590250
22.000000,22.000000,22.000000,22.000000,21.101434,18.077228,16.011144,13.597221,10.766250,6.796653,4.916876,3.930188,3.861668,3.372268,2.359034,0.958538,0.412159,1.205237,2.169710,1.021499,1.636083,1.890415,1.750912,1.028946
22.000000,22.000000,22.000000,22.000000,15.168597,12.816702,10.575000,8.523750,9.566250,3.026927,2.174969,1.516509,4.668491,4.091210,2.592183,0.429801,0.559108,1.749963,1.696819,1.007959,1.434895,1.278310,1.840118,0.521873
22.000000,22.000000,19.454063,22.000000,15.204780,10.968750,8.816250,7.349527,13.199208,4.325891,2.751706,2.274890,4.428671,3.764940,3.068999,0.493439,0.378900,1.255534,1.844863,1.071597,1.211880,1.352332,1.797413,0.364165
22.000000,22.000000,22.000000,18.724582,13.194039,10.751250,7.746392,6.150721,13.354278,5.182391,3.728127,3.095294,3.610676,2.981349,2.881428,0.226498,0.351956,1.266922,2.416883,1.413068,1.013375,1.417813,1.748065,0.392793
22.000000,22.000000,22.000000,21.144913,10.571250,8.135046,5.770278,5.002526,11.366250,6.350522,4.247093,3.677290,2.742941,2.199511,2.076801,0.343115,0.481253,1.291596,2.122379,1.503223,0.792673,1.476651,1.697768,0.424385
22.000000,22.000000,22.000000,22.000000,15.881919,10.740000,6.386103,5.142992,7.308472,7.201729,4.851782,4.325891,1.786025,1.521254,1.395037,0.609206,0.509010,1.267871,2.007142,1.565857,0.533382,1.528846,1.657910,0.605821
22.000000,22.000000,22.000000,22.000000,14.543148,9.615000,5.715538,4.709603,6.460002,7.771025,4.901459,4.575989,1.619950,1.363720,1.222319,0.574679,0.472452,1.297290,2.009989,1.570602,0.442664,1.614256,1.838220,0.636286
22.000000,22.000000,22.000000,22.000000,17.003592,13.431813,7.932508,6.147984,8.673750,6.821286,4.534877,3.947318,2.027071,1.742371,1.642726,0.607852,0.417211,1.224217,1.703462,1.300137,0.703309,1.736677,1.518407,0.521196
22.000000,22.000000,21.850239,21.410618,15.954285,11.981250,8.932500,7.576698,11.977500,4.245380,3.128601,1.995754,4.552007,3.902780,3.037445,0.391109,0.519165,1.399782,2.280149,1.427303,1.277361,2.204770,1.731932,0.898285
22.000000,22.000000,22.000000,21.656999,13.917699,12.186084,13.757460,11.910000,13.354278,7.105934,5.088176,3.785976,4.668491,4.152878,3.068999,0.361639,0.505625,1.358975,2.346763,1.644624,1.794566,1.903701,2.047000,1.050610
12.392844,9.573750,7.442585,6.947188,7.554802,7.001928,3.666772,7.940719,13.974558,9.791250,7.582172,6.876026,3.440635,1.845812,0.601082,1.863843,2.460708,0.618007,0.264388,0.264388,0.313645,3.935327,13.359447,22.000000
12.971772,9.975000,7.609542,7.283839,7.891453,7.133304,3.615935,7.896927,14.904978,10.286250,7.393319,6.854130,3.212745,1.819240,0.638317,0.907086,1.130266,0.579418,0.263546,0.274071,0.286280,3.801713,11.790000,22.000000
10.503750,9.536250,7.563013,7.278365,7.875031,7.212677,3.650995,7.976300,14.036586,10.672500,7.116882,6.670751,3.265335,1.805954,0.618007,0.787934,1.018791,0.546922,0.274913,0.282070,0.367533,3.780717,11.651250,22.000000
10.518750,8.970000,7.365949,7.267417,7.864083,7.122356,3.668525,7.957141,12.827040,10.826250,7.018350,6.580430,3.140872,1.783178,0.603113,0.739867,0.976140,0.532028,0.276597,0.274492,0.359534,3.780717,11.456250,21.768112
9.836250,8.471250,7.053931,7.174359,7.762814,6.947188,3.635218,7.932508,13.111335,9.776250,7.067616,6.750124,3.177685,1.761351,0.622069,0.716849,0.954476,0.526612,0.277018,0.274913,0.370901,3.784223,10.998750,21.454097
8.685000,7.283839,5.874284,5.532159,6.074085,8.156942,16.088679,12.966603,9.870000,7.973563,4.680482,4.444088,4.683908,1.827781,0.537444,1.690176,2.460708,0.664720,0.434540,0.322065,0.946352,2.418636,12.775350,22.000000
18.855019,15.757863,12.186084,11.613750,12.765012,11.790000,16.254087,17.685917,17.821185,16.130031,12.568590,11.523750,3.314419,1.844863,0.910471,1.289698,2.402859,0.734451,0.422354,0.378479,0.893546,4.084358,14.992851,22.000000
11.418750,9.712500,7.565750,7.497325,8.132309,7.302998,4.265936,8.118624,15.504582,11.415000,7.355001,6.996454,3.344220,1.847710,0.652534,0.863081,1.126470,0.940259,0.250074,0.232392,0.279544,4.229963,15.933609,22.000000
10.845000,8.887500,7.261943,7.434374,8.080306,7.125093,3.726374,8.003670,14.408754,10.492500,7.530169,6.980032,3.768446,1.785076,0.634255,0.787257,1.014729,0.651857,0.279123,0.283333,0.335537,4.053524,13.400799,22.000000
12.460041,9.543750,7.535643,7.987248,8.748750,7.059405,3.652748,7.833976,15.106569,11.227500,7.579435,7.034772,3.745657,1.674043,0.682999,0.758823,0.970047,0.569940,0.280386,0.275755,0.357429,3.803426,12.196422,21.966183
12.558252,10.136250,7.579435,7.746392,8.403750,7.174359,3.708844,7.951667,15.675159,10.871250,7.062142,6.287571,3.666772,1.678788,0.687738,0.729712,0.949060,0.546245,0.261441,0.262704,0.266914,3.818843,12.460041,21.676323
11.598750,9.645000,7.598594,7.464481,8.069358,7.094986,3.740398,7.968089,13.664418,11.505000,7.004665,6.158932,3.538803,1.662655,0.640348,0.712110,0.938228,0.536090,0.259757,0.254705,0.282491,3.853103,11.418750,21.458928
10.215000,8.872500,7.275628,7.294787,7.891453,7.152463,3.686055,7.916086,13.245729,10.522500,6.648855,6.183565,3.509002,1.666451,0.666751,0.702632,0.932812,0.530674,0.260178,0.269019,0.260599,3.866807,11.092500,21.289843
9.686250,8.460000,7.012876,7.705337,8.336250,6.714543,3.647489,7.792921,12.780519,10.567500,6.678962,6.317678,3.545815,1.781280,0.662012,0.695185,0.927396,0.525258,0.259757,0.265651,0.282912,3.849677,11.347500,21.149744
9.517500,8.052936,6.635170,7.576698,8.181575,6.714543,3.635218,7.494588,13.524855,10.042500,6.832234,6.668014,3.321431,1.741422,0.657950,0.689769,0.919272,0.521196,0.259336,0.263546,0.262283,3.837686,11.677500,21.048293
12.883899,10.702500,7.833976,8.132309,9.041250,7.349527,4.940858,9.060000,16.543551,12.330816,7.100460,6.550323,3.673784,1.811648,0.712110,1.434895,1.816393,0.817045,0.287543,0.336379,0.367112,4.180286,16.176552,22.000000
10.946250,9.348750,7.483640,7.677967,8.418750,7.204466,3.825695,8.036514,14.744739,12.191253,7.029298,6.725491,3.668525,2.988361,0.681645,0.885422,1.071597,0.639671,0.255968,0.255126,0.314487,4.380707,13.028631,22.000000
12.832209,10.811250,8.715000,10.350000,11.261250,6.944451,3.710597,7.847661,14.067600,14.729232,7.401530,6.911607,3.540556,2.713140,0.670136,0.794704,0.993742,0.569940,0.257652,0.270282,0.284596,3.871946,13.643742,22.000000
13.855671,11.310000,8.527500,9.690000,10.631250,7.111408,3.806852,7.913349,15.840567,13.214715,7.448059,6.793916,3.587887,2.334492,0.674198,0.742575,0.959892,0.559785,0.281228,0.289648,0.372585,3.919910,12.651294,21.772943
13.845333,11.280000,8.655000,8.031040,8.808750,7.100460,3.859955,7.935245,13.928037,11.355000,7.133304,6.558534,3.435376,2.076801,0.634932,0.715495,0.941613,0.543537,0.282070,0.288385,0.362060,3.985004,11.490000,21.468590
12.046521,10.417500,8.310000,7.869557,8.583750,7.182570,3.771952,7.864083,13.002786,11.141250,6.955399,6.221883,3.468683,2.024224,0.668105,0.702632,0.927396,0.537444,0.283754,0.280807,0.376795,3.952457,11.538750,21.275350
11.118750,10.162500,8.287500,7.927034,8.655000,6.925292,3.715856,7.855872,11.951250,11.977500,6.728228,5.956394,3.517767,2.120626,0.641702,0.695185,0.918595,0.527289,0.278702,0.281228,0.357850,3.911345,12.196422,21.130420
10.725000,9.645000,7.899664,9.217500,10.117500,6.427158,3.696573,7.469955,11.913750,12.842547,6.147984,5.638902,3.531791,2.012836,0.634255,0.689092,0.912502,0.521873,0.277860,0.285017,0.372585,3.916484,12.568590,21.019307
14.605176,12.201591,9.386250,10.406250,11.377500,8.377500,8.000933,12.961434,17.096634,15.675159,7.825765,6.777494,3.689561,2.406365,0.727004,1.246993,1.688278,0.802151,0.093883,0.151139,0.288385,4.199129,15.194442,22.000000
13.343940,11.613750,9.345000,8.658750,9.536250,7.302998,3.993569,8.036514,14.615514,12.449703,7.078564,6.347785,3.684302,2.117120,0.672167,0.846833,1.063473,0.650503,0.289648,0.304383,0.336800,4.272788,14.651697,22.000000
17.623114,14.227839,10.680000,8.651250,9.513750,6.938977,3.805139,8.022829,13.266405,14.636190,9.581250,9.236250,3.835973,2.039408,0.650503,0.773040,0.982233,0.605144,0.289648,0.274913,0.359534,3.988430,14.724063,22.000000
16.228242,13.095828,10.001250,9.742500,10.695000,7.012876,3.979865,8.025566,15.427047,14.729232,9.570000,8.970000,3.475695,2.153933,0.656596,0.733097,0.951768,0.582126,0.248811,0.241233,0.261441,4.026116,12.341154,21.642506
14.439768,10.571250,7.954404,7.768288,8.445000,6.996454,4.101488,7.910612,15.535596,10.481250,11.002500,9.240000,3.424858,1.967284,0.695185,0.710079,0.937551,0.555723,0.244601,0.246285,0.282912,4.123757,11.996250,21.367139
13.948713,10.290000,7.937982,7.757340,8.426250,6.977295,3.928475,7.781973,14.811936,9.997500,9.570000,8.658750,3.337208,2.152180,0.693154,0.698570,0.927396,0.534059,0.245864,0.263125,0.248811,4.110053,12.883899,21.207716
15.804384,11.175000,8.553750,7.037509,7.620490,7.201729,3.837686,7.650597,11.655000,9.986250,9.097500,8.159679,3.019915,2.082060,0.643733,0.693154,0.917918,0.529997,0.250495,0.260599,0.277439,3.993569,13.716108,21.111096
15.437385,11.823750,9.551250,7.313946,7.913349,6.564008,3.811991,7.888716,10.856250,11.141250,8.771250,7.423426,3.095294,2.337998,0.596343,0.689092,0.911148,0.533382,0.242496,0.240391,0.245443,4.089497,13.571376,21.024138
14.450106,10.878750,8.685000,9.127500,10.035000,5.937235,3.918197,6.873289,10.908750,12.765012,7.894190,7.261943,3.475695,1.961590,0.592281,0.685707,0.907763,0.538798,0.250495,0.238707,0.249653,3.930188,12.806364,20.956504
18.826033,15.711342,12.118887,11.557500,12.682308,14.770584,16.646931,20.391277,19.681120,16.016313,12.656463,11.538750,3.416093,2.416883,1.044517,1.290647,1.419711,0.739867,0.428447,0.449434,0.862404,4.615388,15.370188,22.000000
16.336791,11.643750,8.928750,8.003670,8.775000,7.305735,4.319039,8.115887,16.093848,11.512500,11.250000,9.405000,3.419599,2.425648,0.709402,0.836678,1.000512,0.893546,0.240391,0.232392,0.317013,4.200842,18.207665,22.000000
19.280147,14.925654,11.182500,7.708074,8.358750,7.294787,3.973013,7.979037,12.708153,10.998750,10.327500,9.393750,5.901654,2.583418,0.638994,0.763562,0.955153,0.671490,0.240391,0.266072,0.282912,4.199129,14.165811,22.000000
17.603790,14.201994,10.661250,8.921250,9.892500,7.190781,4.332743,8.610000,15.158259,13.860840,10.305000,7.995459,5.603321,1.942610,0.630870,0.741898,0.935520,0.582803,0.290911,0.312382,0.378479,4.199129,12.796026,21.816422
11.358750,9.600000,7.669756,9.873750,10.845000,6.807601,4.620527,8.132309,15.137583,13.509348,7.300261,6.963610,5.163548,1.884721,0.629516,0.719557,0.924011,0.551661,0.298489,0.307330,0.365007,4.353299,13.421475,21.565210
12.480717,9.885000,7.754603,8.767500,9.682500,6.807601,4.313900,7.727233,15.778539,11.456250,7.166148,7.067616,5.153270,2.006193,0.701278,0.704663,0.919272,0.539475,0.297647,0.285859,0.386057,4.421819,14.749908,21.367139
11.692500,8.471250,6.714543,7.215414,7.814817,6.955399,4.087784,7.264680,13.793643,9.288750,7.708074,7.951667,4.747289,1.934069,0.676229,0.696539,0.913179,0.554369,0.288385,0.291332,0.361639,4.199129,14.801598,21.222209
13.292250,9.431250,7.349527,5.841440,6.394314,7.198992,4.050098,7.803869,10.530000,8.241789,8.763750,8.280000,4.529738,1.485192,0.620715,0.691123,0.908440,0.566555,0.293858,0.315750,0.383531,4.243667,14.227839,21.111096
15.323667,11.835000,9.266250,6.325889,6.889711,5.855125,4.245380,8.044725,9.135000,9.795000,8.475000,7.480903,4.918589,1.612358,0.527966,0.687061,0.905055,0.574002,0.279544,0.306067,0.379321,4.110053,13.586883,21.024138
14.248515,10.743750,8.396250,9.131250,10.053750,5.244059,4.488626,6.268412,10.162500,12.770181,7.970826,7.092249,5.235494,1.867639,0.531351,0.684353,0.903701,0.575356,0.283754,0.289648,0.375111,4.051811,13.592052,20.946842
13.907361,10.185000,7.896927,10.061250,10.968750,7.341316,5.062481,8.996250,16.631424,13.359447,8.546250,9.075000,5.076185,1.853404,0.711433,1.412119,1.619001,0.844802,0.308172,0.336379,0.339747,4.250519,17.637607,22.000000
14.119290,9.678750,7.563013,7.368686,7.989985,7.286576,4.308761,7.847661,15.308160,9.498750,11.591250,11.325000,5.511287,2.548358,0.699247,0.871205,1.049933,0.687061,0.308172,0.293016,0.362060,4.558859,13.705770,22.000000
17.734227,13.106166,9.461250,7.858609,8.733750,8.265000,5.199521,12.335985,15.592455,12.418689,10.297500,9.360000,4.390985,2.174969,0.672167,0.784549,0.970724,0.570617,0.098093,0.150297,0.262283,4.404689,14.346726,22.000000
16.398819,13.772967,10.511250,9.630000,10.515000,6.561271,6.331363,11.561250,13.256067,15.468399,9.615000,7.757340,4.730159,1.933120,0.565878,0.738513,0.944321,0.563170,0.115354,0.175557,0.292174,4.267649,16.186890,21.758450
14.470782,11.295000,8.782500,9.851250,10.826250,6.616011,5.242346,8.206208,14.512134,13.938375,7.281102,6.616011,3.993569,1.942610,0.625454,0.715495,0.930781,0.609883,0.191134,0.240812,0.245022,4.332743,17.055282,21.473421
11.876250,9.161250,7.407004,8.083043,8.891250,6.158932,4.742150,6.919818,15.778539,10.698750,6.878763,5.465036,5.105306,2.215288,0.701278,0.702632,0.917241,0.647795,0.093883,0.236602,0.279544,4.072367,16.559058,21.280181
10.132500,7.699863,6.284834,6.788442,7.379634,7.272891,4.647935,7.921560,13.338771,8.437500,5.792174,5.447906,4.536590,1.875231,0.683676,0.694508,0.909794,0.663366,0.177241,0.199554,0.205027,4.048385,15.096231,21.140082
10.110000,7.034772,5.430776,4.968266,5.293736,7.902401,5.059055,11.336250,9.281250,6.172617,7.360475,7.740918,4.533164,1.459569,0.585511,0.689092,0.906409,0.655919,0.218078,0.160401,0.193660,3.919910,15.127245,21.053124
14.605176,10.755000,8.143257,4.964840,5.285171,4.802105,5.877021,9.727500,6.750124,7.546591,8.000933,7.557539,5.004239,1.750912,0.410896,0.687061,0.904378,0.645764,0.151560,0.161243,0.242075,3.745657,15.199611,21.014476
13.772967,10.792500,8.460000,9.573750,10.552500,5.310866,6.583167,6.443580,12.604773,12.759843,7.814817,6.607800,3.501990,1.938814,0.567232,0.686384,0.902347,0.638994,0.122511,0.238707,0.275755,3.514261,12.625449,20.999983
16.807170,14.770584,11.546250,10.387500,11.340000,8.298750,8.932500,12.883899,17.055282,15.613131,8.520000,6.840445,6.369681,2.679833,0.726327,1.264075,1.572500,0.884068,0.127984,0.151139,0.326275,4.250519,15.933609,22.000000
12.889068,9.862500,7.598594,9.352500,10.335000,7.146989,5.122436,7.885979,17.029437,12.418689,6.386103,6.591378,5.110445,3.293383,0.723619,0.864435,1.037747,0.634932,0.127984,0.247127,0.285859,4.558859,15.866412,22.000000
15.137583,11.250000,7.825765,8.898750,9.956250,14.625852,11.636250,18.946808,17.787368,12.723660,8.658750,9.517500,7.456270,2.707881,0.970047,0.778456,0.970724,0.614622,0.446049,0.441987,0.743252,4.993961,16.683114,22.000000
17.850171,14.295036,10.376250,6.758335,7.387845,10.875000,13.886685,19.333288,13.194039,10.275000,10.256250,8.430000,4.911737,1.718646,0.589573,0.734451,0.943644,0.871205,0.569263,0.376795,0.882714,4.692473,19.990304,21.739126
16.791663,13.741953,10.278750,9.435000,10.308750,8.565000,11.771250,12.785688,12.392844,15.334005,8.760000,7.204466,3.895928,1.817342,0.685030,0.713464,0.927396,1.085137,0.348167,0.305225,0.636286,4.659926,18.710089,21.521731
13.814319,10.256250,7.984511,9.596250,10.560000,6.260201,8.887500,8.760000,16.693452,12.351492,7.264680,6.903396,4.550294,1.040455,0.802151,0.717526,0.919949,1.077690,0.436571,0.306067,0.869851,5.131001,17.013930,21.579703
11.872500,8.370000,6.878763,8.055673,8.872500,10.271250,7.625964,11.523750,17.454029,10.170000,6.230094,5.271467,3.512508,1.445334,1.002543,0.722942,0.913179,1.031654,0.355745,0.367533,0.511041,4.128896,16.615917,21.666661
9.705000,6.804864,5.466749,6.410736,6.999191,14.310543,10.627500,16.864029,13.452489,7.823028,5.652587,4.968266,2.325727,1.724340,0.863081,0.727004,0.908440,0.980202,0.306488,0.408370,0.532705,4.154591,16.781325,21.748788
6.547586,4.759280,4.034681,4.217972,4.522886,10.548750,13.235391,19.782571,8.167890,5.247485,3.950744,3.645736,4.498904,1.519356,0.645087,0.729712,0.905055,0.954476,0.360376,0.379742,0.703986,3.344220,14.036586,21.806760
15.576948,12.067197,9.495000,5.830492,6.377892,5.316005,14.951499,8.437500,7.218151,10.117500,7.929771,7.625964,4.713029,1.993856,0.552338,0.731743,0.903701,0.871882,0.391530,0.287964,0.833970,3.268841,12.909744,21.850239
18.874343,15.721680,12.113718,11.460000,12.542745,14.605176,18.584483,20.222192,19.550683,15.892257,12.702984,11.527500,5.345126,1.440589,1.038424,1.254585,1.600970,0.708725,0.683676,0.446726,1.173920,5.584162,16.977747,22.000000
15.690666,13.431813,10.413750,11.546250,12.666801,8.542500,10.578750,11.812500,19.381598,16.135200,7.817554,5.956394,3.579122,2.124132,0.962600,0.861050,1.046548,0.862404,0.685030,0.291753,0.888807,5.950920,18.458877,22.000000
