15.323667,22.000000,11.358750,10.380000,5.518474,5.091602,3.312666,2.364293,3.028680,1.944508,1.224217,0.713464,0.291753,0.131773,1.464314,1.934069,2.026122,4.570850,4.343021,8.658750,8.550000,8.066621,6.377892,5.220077
15.489075,19.681120,4.068941,10.102500,5.518474,5.091602,3.314419,2.364293,3.028680,1.944508,1.224217,0.713464,0.304383,0.131773,1.464314,2.269631,3.954170,5.893443,8.580000,8.505000,8.340000,8.014618,6.372418,5.225216
18.053073,20.676306,21.391294,10.128750,5.518474,5.770278,3.312666,2.364293,3.028680,1.944508,1.224217,0.713464,0.304383,0.139772,1.464314,1.934069,1.898956,4.096349,3.897641,5.377673,8.418750,4.070654,2.012836,1.938814
17.903312,18.700427,4.267649,10.380000,5.518474,5.773015,3.312666,2.364293,3.028680,1.944508,1.224217,0.713464,0.304383,0.139772,1.608562,1.985315,2.026122,4.572563,4.343021,8.557500,8.239052,4.068941,2.012836,1.938814
12.625449,17.893650,4.084358,10.380000,5.518474,5.773015,3.312666,2.364293,3.028680,1.944508,1.364669,0.822461,0.304383,0.139772,1.608562,2.271384,3.954170,6.175354,8.550000,8.508750,8.178838,7.962615,6.397051,5.238920
18.241482,22.000000,4.654787,10.380000,5.518474,5.773015,3.312666,2.364293,3.028680,1.944508,1.364669,0.822461,0.304383,0.139772,1.608562,1.984366,1.908446,4.098062,3.899354,5.372534,8.298750,3.890789,1.590531,1.674992
14.631021,20.072431,4.286492,10.380000,5.518474,5.770278,3.312666,2.366046,3.028680,1.944508,1.364669,0.822461,0.304383,0.139772,1.694921,2.092578,2.025173,4.572563,4.343021,8.516250,8.170627,4.063802,2.012836,1.939763
14.408754,18.724582,4.084358,10.380000,5.518474,5.773015,3.312666,2.364293,4.413254,2.199511,1.364669,0.822461,0.304383,0.203343,1.694921,2.269631,3.954170,6.175354,8.651250,8.239052,8.044725,7.716285,6.303993,5.240633
13.902192,22.000000,5.540370,15.747525,7.541117,5.773015,3.314419,2.364293,4.413254,2.201264,1.364669,0.822461,0.304383,0.203343,1.694921,2.092578,1.908446,3.918197,3.745657,5.024795,6.043978,3.883937,1.414017,1.599072
16.486692,19.598993,4.677056,10.380000,7.541117,5.773015,3.312666,2.364293,4.413254,2.199511,1.364669,0.822461,0.304383,0.203343,1.694921,2.092578,1.962539,4.098062,3.904493,5.365682,8.241789,3.885650,1.591480,1.675941
14.233008,18.410567,4.286492,10.380000,7.543854,5.770278,3.312666,2.364293,4.413254,2.199511,1.364669,0.822461,0.598374,0.203343,1.694921,2.269631,2.026122,4.572563,4.353299,8.520000,8.113150,4.055237,2.011887,1.939763
12.718491,17.676255,4.286492,10.380000,7.543854,5.773015,3.358244,2.394094,4.413254,2.199511,1.364669,0.822461,0.598374,0.203343,1.694921,2.269631,3.954170,6.175354,8.865000,8.219893,7.968089,7.628701,6.180828,5.144705
13.493841,22.000000,11.032500,15.747525,8.823750,5.773015,3.358244,2.394094,4.413254,2.199511,1.364669,0.822461,0.598374,0.203343,1.694921,2.092578,1.962539,3.918197,3.675537,4.829513,5.430776,3.885650,1.325760,1.575347
15.101400,19.855036,5.597847,15.747525,7.543854,5.773015,3.359997,2.392341,4.413254,2.199511,1.364669,0.822461,0.598374,0.203343,1.694921,2.269631,1.962539,4.026116,3.747410,5.026508,6.030293,3.882224,1.414966,1.598123
11.932500,18.613469,4.675343,15.747525,7.543854,5.775752,3.359997,2.392341,4.413254,2.199511,1.364669,0.822461,0.598374,0.203343,1.694921,2.269631,2.026122,4.110053,3.909632,5.362256,8.104939,3.880511,1.590531,1.675941
13.752291,17.821185,4.675343,15.747525,7.541117,5.773015,3.358244,2.394094,4.733585,3.086529,2.916488,1.678788,0.598374,0.203343,1.694921,2.271384,2.292420,4.574276,4.361864,8.448750,7.959878,4.048385,2.009040,1.937865
12.423858,17.333254,4.677056,15.747525,8.823750,5.773015,3.359997,2.394094,4.733585,3.086529,2.916488,1.678788,0.598374,0.203343,1.694921,2.271384,3.954170,6.175354,9.513750,8.189786,7.847661,7.491851,6.131562,4.999100
10.728750,22.000000,21.053124,15.628638,8.823750,7.650597,5.745645,4.402976,4.733585,3.086529,2.916488,1.678788,0.598374,0.203343,1.368465,2.783260,1.919834,4.092923,3.559839,4.699325,5.393090,4.207694,1.211880,1.269769
13.137180,20.323643,11.358750,15.747525,8.823750,5.773015,3.358244,2.394094,4.733585,3.086529,2.916488,1.678788,0.598374,0.203343,1.694921,2.269631,2.026122,4.038107,3.675537,4.829513,5.425637,3.883937,1.325760,1.575347
11.662500,18.999949,5.597847,15.747525,8.823750,5.773015,3.358244,2.394094,4.733585,3.086529,2.916488,1.678788,0.598374,0.203343,1.694921,2.271384,2.292420,4.110053,3.749163,5.024795,6.022082,3.878798,1.414017,1.599072
12.273957,18.304285,5.597847,15.747525,8.823750,5.773015,3.359997,2.392341,4.733585,3.086529,2.916488,1.678788,0.598374,0.203343,1.694921,2.271384,2.290667,4.574276,3.909632,5.363969,8.072095,3.877085,1.588633,1.673094
11.055000,17.772875,5.597847,15.747525,8.823750,7.650597,5.745645,4.402976,4.733585,3.086529,2.916488,1.678788,0.598374,0.203343,1.694921,2.271384,3.954170,5.666272,4.361864,8.520000,7.907875,4.043246,2.009040,1.932171
11.707500,17.357409,11.358750,15.747525,8.823750,7.650597,5.745645,4.402976,4.733585,3.086529,2.916488,1.678788,0.598374,0.203343,2.167957,3.659760,3.954170,6.175354,9.513750,8.340000,7.749129,7.275628,5.948183,4.999100
13.690263,22.000000,21.391294,15.747525,8.823750,7.650597,5.745645,4.402976,4.733585,3.086529,2.916488,1.678788,0.598374,0.203343,1.694921,2.269631,2.292420,4.110053,3.677290,4.740437,5.415359,3.877085,1.275463,1.569653
10.537500,20.468573,11.358750,15.747525,8.823750,7.650597,5.745645,4.402976,4.733585,3.086529,2.916488,1.678788,0.598374,0.203343,1.694921,2.271384,2.292420,4.572563,3.749163,4.831226,5.417072,3.882224,1.325760,1.575347
11.163750,18.956470,11.358750,15.747525,8.823750,7.650597,5.745645,4.402976,4.733585,3.086529,2.916488,1.678788,0.598374,0.203343,1.694921,2.269631,3.954170,5.666272,3.909632,5.026508,6.013871,3.878798,1.413068,1.597174
10.938750,18.284961,11.358750,15.747525,8.823750,7.650597,5.745645,4.402976,4.733585,3.086529,2.916488,1.678788,0.598374,0.203343,2.167957,3.659760,3.954170,5.666272,4.361864,5.377673,8.055673,3.870233,1.588633,1.671196
10.968750,17.777706,21.391294,15.747525,8.823750,7.650597,5.745645,4.402976,4.733585,3.086529,2.916488,1.678788,0.598374,0.203343,2.167957,3.659760,3.954170,6.175354,9.513750,8.790000,7.929771,4.015838,2.001448,1.932171
12.801195,22.000000,21.391294,15.747525,8.823750,7.650597,5.745645,4.402976,4.733585,3.086529,2.916488,1.678788,0.598374,0.203343,2.167957,3.659760,3.954170,5.805859,5.060768,4.272788,4.855208,5.619743,3.750916,2.012836
14.775753,22.000000,21.391294,15.747525,8.823750,7.650597,5.745645,4.402976,4.733585,3.086529,2.916488,1.678788,0.598374,0.203343,2.167957,3.659760,3.954170,5.666272,3.909632,4.742150,5.411933,3.873659,1.275463,1.569653
11.718750,21.140082,21.391294,15.747525,8.823750,7.650597,5.745645,4.402976,4.733585,3.086529,2.916488,1.678788,0.598374,0.203343,2.167957,3.659760,3.954170,5.666272,4.361864,4.838078,5.413646,3.877085,1.324811,1.575347
10.462500,19.560345,21.391294,15.747525,8.823750,7.650597,5.745645,4.402976,4.733585,3.086529,2.916488,1.678788,0.598374,0.203343,2.167957,3.659760,3.954170,6.175354,9.513750,5.391377,6.000186,3.868520,1.412119,1.595276
18.598976,22.000000,6.725491,8.173364,4.916876,3.026927,1.248891,2.713140,1.847710,1.150195,1.361822,0.962600,0.325854,0.135141,0.849541,1.934069,1.802158,2.856886,6.024819,9.352500,9.172500,8.460000,6.785705,5.480453
16.367805,21.681154,6.706332,7.814817,4.877477,2.891946,1.296341,2.802543,1.831577,1.155889,1.372261,0.970047,0.322065,0.135141,0.852249,1.937865,1.828730,2.898958,6.022082,9.322500,9.172500,8.460000,6.785705,5.480453
16.042158,20.352629,6.698121,7.721759,4.704464,2.641267,1.331454,2.991867,1.826832,1.160634,1.381751,0.976140,0.316592,0.135141,0.851572,1.986264,1.845812,2.979596,6.024819,9.277500,9.172500,8.460000,6.785705,5.480453
15.964623,19.560345,6.662540,7.905138,4.735298,2.660550,1.343791,3.102306,1.842016,1.163481,1.402629,0.981556,0.335537,0.135562,0.861727,1.873333,1.858149,3.132107,6.019345,9.262500,9.127500,8.460000,6.785705,5.480453
15.954285,19.072414,6.613274,8.072095,4.783262,2.685092,1.269769,3.175932,1.855302,1.184359,1.449130,0.988326,0.289227,0.136825,0.828554,2.672821,2.025173,3.367009,5.767541,9.255000,9.015000,8.460000,6.785705,5.480453
15.943947,18.714920,6.599589,7.998196,4.868912,2.746447,1.272616,3.203980,1.999550,1.285902,1.314372,0.953799,0.344378,0.137246,0.924688,1.910344,3.916484,4.930580,4.886042,9.258750,8.928750,8.460000,6.785705,5.480453
18.251144,18.434722,13.147518,6.698121,6.364207,3.389798,1.368465,2.851627,3.482707,2.059271,1.949253,1.039778,0.365849,0.159138,0.741221,3.309160,3.894215,5.981027,9.461250,9.266250,8.816250,8.460000,6.785705,5.480453
18.642455,22.000000,6.755598,8.283750,6.309467,3.012903,1.284953,2.748200,1.888517,1.184359,1.397884,0.953122,0.338063,0.137246,0.833293,1.931222,1.797413,2.846368,5.100167,5.518474,5.970079,2.697363,3.619441,3.849677
16.383312,21.676323,6.752861,8.197997,4.932293,3.074258,1.376057,2.737682,1.909395,1.198594,1.401680,0.961923,0.338484,0.135983,0.838032,1.956845,1.805005,2.863898,5.125862,5.515737,5.967342,2.697363,3.621194,3.851390
15.576948,20.352629,6.725491,7.907875,4.851782,2.949795,1.438691,2.793778,1.920783,1.211880,1.403578,0.970047,0.333432,0.135983,0.841417,1.950202,1.824934,2.888440,5.170400,5.515737,5.970079,2.697363,3.619441,3.849677
13.933206,19.560345,6.635170,7.907875,4.714742,2.725411,1.473804,2.969078,1.931222,1.223268,1.403578,0.988326,0.327538,0.136825,0.821107,2.017581,1.863843,2.937524,5.259476,5.515737,5.967342,2.697363,3.621194,3.851390
12.940758,19.072414,6.564008,8.129572,4.510895,2.751706,1.484243,3.090035,1.965386,1.246044,1.402629,0.995096,0.340589,0.135983,0.850895,1.944508,2.029918,2.830591,5.652587,5.515737,5.967342,2.697363,3.619441,3.849677
12.542745,18.714920,6.553060,8.178838,4.546868,2.772742,1.407374,3.033939,1.989111,1.250789,1.401680,1.000512,0.335958,0.143982,0.857665,2.707881,1.957794,3.223263,6.054926,5.726486,5.964605,2.697363,3.621194,3.851390
12.423858,18.487863,6.564008,7.708074,4.798679,2.790272,1.393139,2.953301,2.630749,1.726238,1.874282,0.960569,0.311119,0.132194,1.476651,0.978848,2.045102,6.008397,9.438750,9.315000,5.225216,3.240793,5.483879,5.355404
18.642455,22.000000,6.925292,8.176101,4.814096,3.098800,1.591480,2.942783,1.906548,1.188155,1.399782,0.960569,0.340589,0.142298,0.796058,1.957794,1.806903,2.832344,5.000813,5.016230,5.967342,1.942610,3.537050,3.851390
16.378143,21.681154,6.928029,8.310000,5.048777,3.060234,1.311525,2.948042,1.918885,1.204288,1.409272,0.970724,0.344378,0.138088,0.810952,1.949253,1.801209,2.844615,5.043638,5.016230,5.970079,1.942610,3.535297,3.849677
15.576948,20.352629,6.780231,7.902401,5.554055,3.074258,1.403578,2.914735,1.922681,1.218523,1.416864,0.979525,0.346483,0.139351,0.817045,1.968233,1.823985,2.867404,5.137853,5.016230,5.970079,1.942610,3.537050,3.851390
13.938375,19.560345,6.596852,7.820291,6.462739,2.893699,1.461467,2.960313,1.924579,1.230860,1.421609,0.987649,0.334695,0.140614,0.821784,1.973927,1.839169,2.930512,5.240633,5.016230,5.970079,1.942610,3.535297,3.849677
12.925251,19.072414,6.498320,7.209940,6.123351,2.462461,1.493733,3.114577,1.911293,1.241299,1.441538,1.011344,0.337221,0.141456,0.763562,1.932171,1.864792,3.061987,5.351978,5.009378,5.964605,1.942610,3.537050,3.851390
12.108549,18.768061,6.490109,7.415215,5.432489,2.474732,1.452926,3.214498,1.912242,1.249840,1.314372,0.903701,0.356587,0.143140,0.836001,2.707881,2.005244,3.221510,5.305727,5.274893,5.964605,1.942610,3.537050,3.849677
11.550000,18.623131,6.531164,7.467218,5.554055,2.753459,1.418762,3.333702,1.897058,1.253636,1.440589,1.116980,0.310277,0.142719,0.900316,2.502780,2.557123,4.805531,4.769558,9.352500,5.953657,2.018530,3.621194,3.851390
9.798750,16.347129,9.198750,5.929024,5.669009,3.817130,1.832526,2.600948,3.715856,2.146921,1.860047,1.101796,0.469067,0.153665,1.294443,1.573449,1.779382,2.785013,9.367500,9.341250,8.760000,8.452500,6.785705,5.480453
6.030293,18.608638,8.775000,7.467218,6.561271,5.833229,3.868520,2.441425,2.993620,2.171463,2.621984,1.079044,0.369638,0.105250,0.854280,1.979621,3.931901,5.975553,9.307500,9.333750,8.681250,8.250000,6.785705,5.480453
18.642455,22.000000,7.798395,14.693049,6.599589,2.632502,1.392190,2.576406,3.132107,1.826832,1.836322,0.917918,0.329643,0.150297,0.741221,1.966335,1.811648,2.816567,4.978544,4.834652,5.534896,1.750912,3.535297,3.849677
16.383312,21.676323,7.795658,11.550000,4.788401,3.140872,1.425405,2.930512,1.914140,1.188155,1.393139,0.889484,0.333432,0.143561,0.742575,1.973927,1.810699,2.834097,5.012804,4.834652,5.532159,1.750912,3.537050,3.851390
15.576948,20.352629,7.089512,6.752861,5.062481,3.358244,1.627542,2.981349,1.930273,1.206186,1.409272,0.914533,0.336379,0.140614,0.774394,1.989111,1.845812,2.846368,5.052203,4.834652,5.534896,1.750912,3.537050,3.849677
13.938375,19.570007,6.531164,6.676225,5.871547,3.370515,1.747116,2.904217,1.942610,1.220421,1.423507,0.936874,0.339747,0.141035,0.783872,1.938814,1.833475,2.874416,5.129288,4.827800,5.534896,1.750912,3.535297,3.849677
12.925251,19.246330,6.402525,7.727233,6.353259,3.193462,1.810699,2.676327,1.945457,1.233707,1.433946,0.957184,0.333432,0.142719,0.792673,2.194252,1.855302,2.927006,5.182391,4.898033,5.532159,1.750912,3.535297,3.849677
12.113718,19.106231,6.583167,7.497325,6.079559,2.767483,1.845812,2.388835,1.944508,1.245095,1.467161,0.976817,0.341852,0.143982,0.697216,2.017581,2.000499,2.848121,5.638902,5.204660,5.644376,1.750912,3.535297,3.849677
11.553750,19.067583,6.596852,7.664282,5.446193,2.804296,1.789821,2.548358,2.036561,1.393139,1.996703,1.064150,0.355745,0.135141,0.821784,3.032186,2.075048,3.053222,5.420498,5.781226,5.961868,1.779382,3.537050,3.849677
11.167500,18.893667,6.692647,10.402500,5.108732,2.844615,1.643675,2.625490,3.193462,2.036561,1.594327,0.695185,0.359955,0.152402,1.497529,1.002543,2.362540,4.565711,8.936250,5.518474,7.229099,3.368762,4.596545,4.776410
11.520000,15.613131,13.741953,10.968750,2.611466,5.410220,3.314419,2.704375,2.075048,1.318168,1.369414,1.044517,0.405844,0.153665,0.842771,2.061024,2.213535,5.959131,9.213750,9.333750,8.703750,8.143257,6.785705,5.480453
18.642455,22.000000,12.584097,14.693049,8.200734,4.211120,3.242546,2.611466,1.916987,1.252687,1.656012,0.911148,0.302278,0.131773,0.712110,2.032765,1.851506,2.825332,4.961414,4.760993,5.305727,1.655063,3.537050,3.851390
16.378143,21.676323,12.578928,10.792500,6.183565,4.250519,2.714893,2.688598,1.974876,1.295392,1.654114,0.935520,0.307330,0.143140,0.645087,2.047000,1.840118,2.830591,4.988822,4.760993,5.307440,1.655063,3.535297,3.849677
15.576948,20.473404,8.955000,11.201250,4.862060,3.247805,1.475702,2.977843,2.082060,1.374159,1.642726,0.957184,0.312803,0.148192,0.670136,2.073295,1.844863,2.827085,5.017943,4.755854,5.307440,1.655063,3.535297,3.849677
13.938375,20.140065,6.544849,8.340000,4.027829,3.372268,1.676890,3.023421,2.332739,1.444385,1.628491,0.976817,0.321644,0.148192,0.723619,2.166204,1.861945,2.855133,5.101880,4.781549,5.307440,1.655063,3.535297,3.849677
12.930420,20.120741,6.695384,8.561250,4.478348,3.368762,1.788872,2.937524,2.641267,1.508917,1.613307,0.995773,0.333853,0.146929,0.741221,2.174969,1.948304,2.895452,5.146418,4.877477,5.305727,1.655063,3.535297,3.849677
12.113718,20.009628,6.884237,10.725000,5.434202,3.112824,1.844863,2.749953,2.909476,1.566806,1.602868,1.012698,0.345641,0.148613,0.756115,2.572900,1.893262,3.012903,5.281745,5.014517,5.327996,1.655063,3.535297,3.849677
11.553750,19.463725,6.993717,9.956250,6.350522,2.313456,1.845812,2.437919,3.212745,1.661706,1.601919,1.026915,0.355745,0.150297,0.635609,2.714893,2.030867,3.161908,5.208086,5.264615,5.959131,1.667400,3.535297,3.849677
11.167500,19.053090,7.220888,10.042500,5.707327,3.549321,2.362540,2.688598,3.312666,1.744269,1.624695,1.039101,0.393214,0.151560,0.863758,3.005891,2.385329,4.853495,4.552007,7.237310,5.956394,2.035612,3.605417,3.849677
9.435000,17.265620,11.992500,10.410000,6.328626,2.248595,1.914140,3.410834,2.905970,1.834424,1.911293,1.163481,0.283754,0.141877,1.706309,1.505121,2.674574,3.906206,7.398793,6.834971,8.756250,4.022690,4.341308,4.682195
10.706250,19.869529,16.316115,9.078750,4.425245,3.359997,1.620899,3.796494,3.147884,2.432660,2.048753,1.238452,0.369638,0.125458,0.831939,2.376564,2.206523,3.384539,6.035767,9.333750,8.767500,8.050199,6.725491,5.480453
11.598750,19.647303,7.070353,10.758750,5.079611,3.374021,1.812597,3.212745,3.300395,1.945457,2.039408,1.168226,0.371743,0.151139,0.834647,2.418636,4.002134,5.909865,9.045000,9.311250,8.812500,7.981774,6.585904,5.411933
18.642455,22.000000,21.130420,14.693049,8.200734,7.393319,5.511287,4.175147,2.022326,1.408323,1.538336,0.944998,0.291753,0.100198,0.827200,2.028020,2.795531,2.841109,4.939145,4.702751,5.177252,1.600021,3.537050,3.849677
16.378143,22.000000,21.130420,7.787447,8.200734,2.290667,1.620899,2.316962,1.967284,1.280208,1.609511,0.940259,0.298910,0.137246,0.829908,2.262619,1.952100,2.844615,4.966553,4.699325,5.178965,1.600021,3.535297,3.849677
15.576948,22.000000,14.491458,12.232605,5.182391,4.180286,1.954947,2.453696,2.078554,1.367516,1.639879,0.964631,0.311119,0.139772,0.542860,2.451943,1.966335,2.851627,4.993961,4.709603,5.177252,1.600021,3.535297,3.849677
13.943544,22.000000,7.286576,9.213750,4.819235,6.085033,3.133860,1.997652,2.239830,1.444385,1.656961,0.986295,0.326275,0.147350,0.597020,2.576406,1.967284,2.909476,5.050490,4.749002,5.175539,1.600021,3.537050,3.851390
12.925251,21.647337,8.467500,8.280000,4.044959,7.294787,3.985004,1.712003,2.383576,1.513662,1.663604,1.005928,0.339747,0.149455,0.694508,2.609713,1.913191,2.990114,5.108732,4.815809,5.177252,1.600021,3.535297,3.849677
12.113718,20.077262,9.315000,9.427500,4.601684,7.248258,4.601684,1.815444,2.579912,1.574398,1.663604,1.023530,0.356166,0.148192,0.747991,2.641267,1.945457,2.955054,5.141279,4.851782,5.187530,1.600021,3.537050,3.851390
11.553750,19.603824,9.656250,7.809343,5.751119,5.425637,5.197808,1.860047,2.855133,1.629440,1.671196,1.075659,0.367112,0.146087,0.794027,1.924579,3.426611,2.835850,5.671746,5.064194,5.451332,1.606664,3.535297,3.849677
11.167500,19.478218,10.762500,6.829497,6.205461,3.973013,5.129288,2.111861,3.118083,1.680686,1.663604,1.088522,0.215973,0.138509,1.024207,2.567641,2.245089,3.088282,5.584162,5.492444,5.523948,1.785076,3.535297,3.731633
10.822500,19.396091,16.533213,8.208945,5.715538,4.015838,3.707091,2.625490,3.298642,1.726238,1.660757,1.101796,0.417211,0.134299,1.595276,1.243197,2.797284,4.134035,6.583167,7.237310,6.183565,2.972584,5.410220,5.339987
11.077500,19.454063,16.429833,10.282500,4.711316,7.319420,4.481774,1.966335,2.828838,1.696819,2.080307,1.559214,0.396582,0.148613,1.653165,1.636083,2.139909,4.003847,6.065874,6.536638,3.594899,4.668491,6.774757,5.480453
11.808750,19.908177,10.128750,9.221250,4.569137,7.393319,4.932293,3.323184,3.531791,2.043204,2.047000,1.173920,0.390688,0.175978,0.856988,2.243336,3.202227,3.384539,6.030293,9.307500,5.961868,2.690351,3.615935,3.847964
11.433750,20.531376,10.695000,8.992500,8.200734,6.583167,5.377673,3.061987,3.368762,2.018530,1.674992,0.986972,0.307751,0.154086,1.276412,2.432660,3.715856,5.923550,9.022500,9.206250,8.842500,8.033777,6.424421,5.329709
14.879133,22.000000,13.359447,10.901250,5.172113,4.567424,2.124132,2.469473,2.141662,1.389343,1.625644,1.033685,0.269861,0.144403,0.666751,1.891364,3.044457,3.049716,5.004239,4.723307,5.079611,1.567755,3.537050,3.577369
13.038969,21.579703,14.553486,4.418393,4.725020,6.728228,3.437129,2.096084,2.295926,1.466212,1.660757,1.053318,0.259757,0.153665,0.896254,2.194252,3.275853,3.018162,5.089889,4.766132,5.083037,1.567755,3.537050,3.579122
12.124056,20.922687,15.370188,5.762067,4.140887,7.393319,4.363577,1.755657,2.436166,1.534540,1.684482,1.070920,0.254284,0.153244,1.083106,2.337998,3.225016,2.965572,5.108732,4.839791,5.100167,1.567755,3.535297,3.577369
11.553750,21.550717,15.964623,10.293750,3.354738,7.160674,5.165261,1.858149,2.562382,1.595276,1.698717,1.086491,0.249232,0.146087,1.269769,2.481744,3.111071,2.912982,5.168687,4.956275,5.331422,1.570602,3.537050,3.579122
11.167500,21.217378,17.632776,7.209940,3.477448,5.153270,5.511287,1.900854,2.714893,1.649369,1.786025,1.151144,0.261441,0.142298,1.412119,2.588677,1.696819,5.242346,6.632433,5.271467,5.565003,1.670247,3.493225,3.584381
8.132309,21.091772,16.590072,8.917500,3.097047,4.680482,5.494157,2.213535,3.417846,1.720544,1.624695,1.027592,0.327538,0.130510,0.976817,2.637761,2.972584,5.209799,6.761072,4.170008,6.917081,8.261250,3.614182,2.755212
9.318750,19.927501,14.207163,7.809343,4.139174,5.907128,5.387951,2.299432,2.863898,1.884721,1.648420,0.875944,0.279123,0.144403,1.937865,2.395847,3.084776,3.841112,6.342311,4.399550,8.820000,5.196095,5.600584,5.480453
11.197500,21.971014,16.765818,5.497583,4.858634,5.833229,2.976090,4.175147,4.008986,2.429154,1.285902,0.781164,0.383531,0.152823,1.438691,2.141662,2.806049,3.289877,6.035767,5.515737,5.961868,1.939763,3.535297,3.849677
10.440000,21.937197,17.284944,9.866250,7.330368,7.393319,4.596545,4.024403,3.516014,2.034663,1.693972,1.012698,0.374690,0.157454,1.327658,2.390588,2.383576,4.997387,9.086250,9.157500,5.961868,2.692104,3.612429,3.844538
4.091210,10.931250,10.428750,8.486250,9.315000,2.136403,1.511764,1.528846,1.449130,2.217041,2.592183,1.742371,0.590927,1.997652,2.450190,3.328443,3.547568,3.766693,2.306444,1.646522,1.930273,2.918241,6.687173,19.990304
4.039820,11.692500,10.158750,7.792921,8.400000,2.104849,1.543081,1.557316,1.479498,2.080307,2.569394,1.731932,0.597020,1.958743,2.178475,3.347726,3.544062,3.937040,2.290667,1.630389,1.916038,2.877922,6.862341,20.801912
4.086071,11.433750,10.218750,8.093991,8.302500,2.059271,1.537387,1.515560,1.480447,2.036561,2.544852,1.721493,0.628839,1.934069,2.304691,3.286371,3.314419,3.935327,2.318715,1.635134,1.931222,2.888440,6.941714,20.685968
4.108340,11.730000,9.888750,8.110413,8.066621,2.044153,1.463365,1.467161,1.404527,2.027071,2.604454,1.709156,0.649826,1.919834,2.329233,3.267088,3.263582,3.916484,2.283655,1.636083,1.922681,2.891946,6.796653,20.821236
4.084358,11.145000,9.840000,7.981774,8.156942,2.153933,1.454824,1.458620,1.395986,2.016632,2.844615,1.778433,0.646441,1.967284,2.252101,3.144378,3.274100,3.847964,2.309950,1.630389,1.916038,2.881428,6.676225,20.072431
18.149693,8.165153,5.389664,6.662540,7.157937,3.516014,2.304691,2.316962,2.171463,3.445894,3.719362,2.816567,0.989680,1.860996,1.894211,2.002397,2.181981,2.990114,3.885650,5.154983,7.812080,8.418750,7.541117,16.688283
18.685934,17.705241,14.150304,8.696250,9.142500,2.269631,1.521254,1.510815,1.463365,2.083813,2.660550,1.799311,0.659981,2.266125,2.476485,3.491472,5.338274,5.630691,4.699325,5.835966,8.276250,9.941250,10.980000,22.000000
4.759280,12.842547,10.968750,8.816250,8.482500,2.513298,1.701564,1.677839,1.643675,2.143415,2.415130,1.661706,0.789965,1.978672,2.509792,3.274100,3.410834,4.046672,2.355528,1.747116,2.167957,3.114577,7.040246,21.241533
4.154591,12.434196,10.698750,9.330000,8.083043,2.494015,1.596225,1.589582,1.537387,2.271384,2.301185,1.663604,0.712110,1.930273,2.692104,3.324937,3.451153,4.012412,2.343257,1.653165,1.949253,2.928759,6.848656,21.096603
4.079219,13.235391,10.526250,8.835000,7.658808,2.359034,1.649369,1.643675,1.587684,2.271384,2.311703,1.609511,0.706694,1.966335,2.534334,3.268841,3.509002,4.298483,2.260866,1.635134,1.930273,2.888440,6.788442,21.763281
4.154591,11.861250,9.240000,8.025566,7.593120,2.301185,1.689227,1.668349,1.629440,2.041306,2.267878,1.588633,0.729035,1.910344,2.259113,3.153143,3.479201,4.173434,2.302938,1.649369,1.956845,2.914735,6.906133,21.120758
4.192277,11.598750,8.981250,8.253750,8.257500,2.269631,1.637032,1.560163,1.591480,1.938814,2.217041,1.565857,0.758823,1.969182,2.366046,3.125095,3.288124,3.998708,2.301185,1.640828,1.943559,2.897205,6.785705,20.864715
4.152878,11.486250,9.281250,8.140520,8.253750,2.294173,1.476651,1.451977,1.423507,1.918885,2.316962,1.541183,0.773040,1.969182,2.339751,3.251311,3.207486,3.933614,2.295926,1.632287,1.933120,2.881428,6.832234,19.603824
4.074080,11.606250,9.641250,7.453533,8.538750,2.399353,1.457671,1.432997,1.404527,1.896109,2.832344,1.706309,0.702632,1.957794,2.036561,3.212745,3.107565,4.111766,2.255607,1.618052,1.929324,2.846368,6.443580,20.386446
4.055237,11.403750,9.641250,7.604068,8.006407,2.469473,1.590531,1.566806,1.534540,2.064530,2.927006,1.885670,0.715495,1.812597,2.115367,3.167167,3.147884,4.118618,2.120626,1.623746,1.924579,2.860392,6.443580,19.323626
5.545844,14.067600,10.057500,8.553750,9.108750,2.337998,1.670247,1.648420,1.613307,2.248595,2.932265,1.888517,0.773717,2.420389,2.427401,3.428364,3.465177,4.372142,2.381823,1.877129,2.502780,3.384539,7.067616,22.000000
4.259084,12.858054,10.166250,8.546250,9.888750,2.220547,1.666451,1.654114,1.606664,2.320468,2.653538,1.835373,0.713464,2.208276,2.390588,3.386292,3.232028,4.128896,2.357281,1.666451,1.979621,2.953301,6.881500,21.270519
4.139174,15.964623,10.473750,8.572500,8.317500,2.178475,1.597174,1.591480,1.537387,2.280149,2.437919,1.735728,0.677583,1.895160,2.448437,3.437129,3.505496,5.021369,2.278396,1.640828,1.953049,2.895452,6.670751,22.000000
4.271075,15.556272,10.196250,8.433750,7.918823,2.131144,1.652216,1.646522,1.591480,2.288914,2.346763,1.632287,0.683676,1.817342,2.437919,3.019915,3.547568,4.882616,2.280149,1.672145,1.998601,2.960313,6.837708,22.000000
4.336169,12.124056,9.030000,8.173364,7.697126,2.038459,1.691125,1.669298,1.631338,2.066283,2.302938,1.612358,0.730389,1.932171,2.313456,3.095294,3.494978,4.228250,2.274890,1.653165,1.983417,2.918241,6.843182,21.299505
4.271075,11.853750,8.932500,8.373750,8.448750,2.220547,1.636083,1.564908,1.589582,1.953049,2.253854,1.589582,0.760854,1.821138,2.399353,2.809555,3.328443,4.159730,2.271384,1.640828,1.961590,2.893699,6.949925,19.458894
4.144313,11.902500,8.165153,8.091254,7.053931,2.306444,1.488988,1.465263,1.434895,1.934069,2.360787,1.565857,0.773040,1.677839,2.309950,2.928759,3.189956,4.139174,2.264372,1.623746,1.956845,2.849874,6.564008,18.932315
4.118618,14.134797,8.647500,7.751866,7.001928,2.394094,1.470957,1.446283,1.416864,1.911293,2.846368,1.737626,0.691800,1.626593,2.125885,3.065493,3.093541,4.605110,2.134650,1.631338,1.950202,2.872663,6.153458,21.830915
10.222500,16.564227,10.522500,8.910000,8.610000,2.509792,1.649369,1.620899,1.593378,2.066283,2.581665,1.713901,0.779133,1.880925,2.534334,3.040951,3.654501,5.065907,2.609713,2.378317,3.319678,4.122044,7.669756,22.000000
4.442375,13.581714,9.412500,8.955000,9.390000,3.098800,2.042255,1.974876,1.990060,2.620231,2.173216,1.628491,1.006605,2.448437,2.541346,3.184697,3.449400,4.476635,2.355528,1.693023,2.030867,3.004138,7.042983,22.000000
4.240241,13.194039,12.434196,9.217500,8.898750,3.053222,1.827781,1.785076,1.773688,2.457202,2.646526,1.843914,0.884068,1.916038,2.593936,3.344220,4.605110,4.397837,2.345010,1.655063,1.991009,2.919994,6.583167,21.362308
4.490339,15.680328,13.038969,6.925292,8.187049,2.792025,1.935018,1.896109,1.875231,2.618478,2.360787,1.735728,0.873913,1.898007,1.934069,3.293383,4.402976,4.812383,2.306444,1.716748,2.097837,3.049716,6.733702,22.000000
4.629092,11.838750,12.036183,7.634175,8.080306,2.671068,2.016632,1.964437,1.959692,2.595689,1.991958,1.527897,0.923334,1.850557,2.117120,3.114577,4.522886,4.111766,2.234571,1.695870,2.071542,3.002385,6.722754,20.869546
4.498904,11.745000,11.025000,7.051194,8.072095,2.616725,2.039408,1.959692,1.988162,2.231065,1.876180,1.339995,0.967339,1.976774,1.953998,3.032186,4.192277,4.144313,2.229312,1.662655,2.017581,2.934018,6.733702,19.584500
4.271075,10.492500,10.706250,6.982769,8.643750,2.865651,1.870486,1.713901,1.840118,1.830628,1.822087,1.291596,0.995773,1.757555,1.941661,2.851627,4.344734,3.731633,2.173216,1.642726,2.008091,2.879675,6.933503,16.998423
4.236815,10.927500,9.540000,7.877768,6.796653,2.984855,1.525050,1.458620,1.479498,1.771790,1.909395,1.226115,0.932135,1.679737,2.201264,2.755212,4.089497,3.822269,2.285408,1.653165,1.999550,2.909476,6.167143,17.222141
4.349873,14.052093,8.913750,7.781973,6.980032,3.067246,1.809750,1.742371,1.761351,2.131144,2.863898,1.784127,0.901670,1.581990,2.146921,2.564135,3.787729,4.587980,1.950202,1.702513,2.068036,3.016409,5.660798,21.599027
18.884005,17.623114,14.150304,8.176101,10.451250,3.184697,1.756606,1.689227,1.708207,2.032765,2.283655,1.531693,0.974786,2.019479,2.236324,3.426611,5.341700,5.589636,5.526685,6.169880,8.206208,10.620000,13.674756,22.000000
4.798679,12.702984,12.248112,8.236315,11.340000,2.865651,1.981519,1.913191,1.930273,2.499274,2.918241,1.862894,0.992388,2.453696,2.248595,3.040951,5.307440,4.272788,2.357281,1.749963,2.187240,3.118083,7.045720,21.251195
4.423532,11.722500,13.116504,12.279126,9.885000,2.451943,1.972978,1.919834,1.916987,2.623737,2.904217,1.898956,0.909794,2.462461,3.505496,4.038107,4.656500,4.070654,2.304691,1.689227,2.069789,2.983102,7.018350,20.057938
4.959701,14.780922,11.576250,11.133750,6.996454,2.343257,1.827781,1.787923,1.772739,2.471226,2.748200,1.880925,0.848187,1.832526,3.161908,3.650995,4.754141,4.521173,2.367799,1.824934,2.387082,3.272347,6.867815,22.000000
5.283458,15.825060,11.692500,9.862500,7.979037,2.229312,1.940712,1.900854,1.881874,2.621984,2.443178,1.778433,0.852926,1.870486,2.870910,4.166582,3.291630,4.961414,2.180228,1.822087,2.420389,3.258323,6.528427,22.000000
5.069333,13.840164,9.648750,8.850000,7.371423,2.485250,2.021377,1.967284,1.964437,2.613219,2.023275,1.566806,0.924688,1.525999,2.546605,4.007273,3.307407,4.565711,2.183734,1.731932,2.241583,3.068999,6.531164,22.000000
4.536590,10.871250,12.149901,8.430000,5.685431,2.636008,2.039408,1.959692,1.988162,2.281902,1.895160,1.368465,0.969370,1.445334,2.418636,3.722868,3.523026,3.914771,2.029918,1.702513,2.174969,2.993620,6.777494,17.855002
4.485200,8.621250,11.032500,8.793750,5.614269,2.867404,1.864792,1.716748,1.832526,1.843914,1.840118,1.321015,0.997804,1.439640,2.492262,3.724621,4.188851,3.132107,2.245089,1.717697,2.153933,3.039198,6.876026,13.866009
4.690760,9.348750,10.383750,7.729970,6.807601,3.000632,1.538336,1.471906,1.492784,1.787923,1.937865,1.257432,0.917241,1.735728,2.203017,3.154896,4.080932,3.307407,2.271384,1.805954,2.345010,3.232028,5.451332,14.610345
5.151557,14.160642,8.162416,9.480000,7.209940,3.040951,1.557316,1.490886,1.511764,1.818291,2.776248,1.716748,0.733097,1.593378,2.749953,3.198721,3.707091,4.586267,1.754708,1.770841,2.387082,3.125095,5.071046,21.376801
5.685431,16.088679,14.899809,10.173750,6.807601,3.189956,1.937865,1.870486,1.887568,2.399353,2.138156,1.592429,1.000512,1.527897,2.814814,4.313900,3.803426,5.011091,2.378317,1.879976,2.532581,3.388045,7.059405,22.000000
4.791827,11.411250,13.550700,9.802500,11.801250,7.598594,6.131562,5.570477,5.970079,6.024819,3.247805,2.802543,3.168920,2.746447,2.686845,4.103201,4.447514,3.983291,2.218794,1.777484,2.329233,3.161908,7.034772,19.782571
6.668014,13.674756,13.214715,8.047462,8.527500,5.701853,3.402069,3.223263,3.302148,3.993569,4.298483,3.477448,1.567755,2.026122,2.322221,5.190956,4.579415,4.144313,2.597442,2.203017,3.105812,3.921623,7.565750,21.768112
8.313750,14.899809,9.247500,9.907500,7.177096,4.735298,4.159730,4.058663,4.022690,5.149844,3.801713,3.225016,1.563010,1.932171,2.883181,2.311703,4.193990,4.677056,2.318715,2.288914,3.214498,4.024403,6.241042,22.000000
7.385108,15.747525,9.375000,9.172500,8.520000,4.298483,5.060768,4.968266,4.904885,5.964605,3.228522,2.644773,1.860996,1.876180,2.639514,2.841109,3.675537,4.961414,2.241583,2.001448,2.955054,3.624700,6.303993,22.000000
5.218364,12.620280,7.105934,8.306250,6.917081,5.026508,5.929024,5.548581,5.712801,5.473601,2.439672,1.956845,2.220547,1.479498,2.367799,2.711387,3.323184,4.331030,1.962539,1.894211,2.690351,3.391551,5.981027,20.855053
5.108732,10.166250,7.658808,8.321250,5.688168,5.434202,5.540370,4.920302,5.489018,4.020977,1.679737,1.355179,2.830591,1.437742,2.387082,3.351232,2.471226,3.672031,2.301185,1.917936,2.650032,3.459918,7.042983,16.683114
5.554055,7.155200,11.193750,9.603750,5.762067,6.290308,3.270594,2.620231,3.282865,1.980570,1.317219,0.948383,2.346763,1.507968,2.725411,3.870233,3.028680,2.609713,2.536087,2.138156,3.033939,3.851390,7.171622,11.220000
7.814817,7.122356,11.385000,7.010139,6.911607,7.404267,3.233781,2.953301,3.153143,3.181191,2.546605,1.683533,1.939763,1.758504,1.945457,3.046210,4.038107,2.434413,2.066283,2.285408,3.218004,4.014125,4.514321,10.856250
8.561250,15.116907,8.647500,6.254727,7.305735,6.314941,3.565098,3.274100,3.482707,3.607170,3.996995,2.702622,1.647471,1.825883,1.760402,3.221510,3.752669,4.863773,1.856251,1.940712,2.997126,3.445894,5.119010,22.000000
11.028750,16.512537,9.483750,10.200000,6.982769,8.482500,3.993569,3.407328,3.979865,2.907723,1.935967,1.513662,2.748200,1.686380,2.823579,3.253064,4.039820,5.059055,2.607960,2.395847,3.374021,4.137461,7.612279,22.000000
5.816807,15.458061,10.252500,10.098750,8.203471,6.977295,4.661639,4.346447,4.570850,4.601684,3.693067,2.543099,2.830591,1.501325,2.786766,3.974726,3.032186,4.824374,2.208276,2.034663,2.969078,3.701832,6.914344,22.000000
13.504179,15.060048,12.578928,12.635787,8.107676,4.178573,4.565711,4.385846,4.440662,5.336561,4.587980,3.573863,1.842965,1.606664,3.682549,4.086071,3.901067,4.613675,4.995674,4.800392,6.331363,7.814817,13.545531,22.000000
15.974961,11.070000,11.332500,7.278365,4.666778,4.098062,3.386292,3.228522,3.275853,4.029542,4.587980,3.501990,1.484243,0.898962,1.999550,3.832547,4.567424,3.628206,5.226929,5.250911,7.163411,8.902500,9.731250,20.178713
14.496627,14.310543,9.150000,7.081301,5.083037,3.777211,4.212833,4.103201,4.075793,5.202947,4.223111,3.501990,1.552571,1.087168,1.942610,3.454659,4.022690,4.632518,3.451153,4.072367,5.396516,6.391577,7.976300,22.000000
10.173750,15.385695,9.037500,9.997500,4.327604,4.212833,5.122436,5.023082,4.968266,5.997449,3.510755,2.995373,1.883772,1.044517,2.855133,2.600948,3.501990,4.956275,2.621984,3.326690,4.815809,5.154983,5.841440,22.000000
8.602500,12.346323,7.355001,4.389272,6.180828,5.062481,5.991975,5.570477,5.781226,5.674483,2.600948,2.075048,2.262619,1.461467,1.212829,2.657044,3.260076,4.334456,3.440635,3.368762,4.456079,5.264615,9.967500,20.299488
11.996250,9.607500,6.668014,5.751119,6.000186,5.518474,5.477027,4.899746,5.432489,4.159730,1.715799,1.414017,2.886687,1.470008,1.650318,1.808801,2.657044,3.549321,4.610249,4.558859,5.950920,7.365949,13.416306,15.850905
15.271977,5.794911,4.810670,10.005000,6.492846,6.265675,3.182944,2.578159,3.186450,1.979621,1.312474,0.965308,2.220547,1.656012,2.851627,2.162698,1.600021,2.006193,5.305727,5.310866,7.259206,8.955000,9.296250,9.078750
17.086296,8.565000,11.103750,6.298519,7.357738,5.209799,1.760402,1.635134,1.724340,1.736677,1.610460,1.041132,1.027592,1.766096,1.767045,3.296889,3.892502,2.939277,2.599195,5.206373,7.708074,8.497500,5.048777,13.364616
20.666644,17.483015,14.108952,10.177500,6.539375,7.735444,5.682694,5.131001,5.581425,4.817522,2.378317,1.871435,3.168920,1.588633,2.856886,3.374021,5.370821,5.534896,5.489018,6.851393,9.926250,11.610000,13.504179,22.000000
12.201591,17.603790,9.761250,6.876026,6.881500,8.482500,4.771271,4.252232,4.733585,4.130609,3.035692,2.152180,3.079517,1.664553,1.719595,3.212745,3.942179,5.581425,3.340714,4.041533,5.381099,6.317678,8.041988,22.000000
